fichier,immat,stick,date,tirage,n,groupes,tandems,fuel_lbs,pilote_kg,paras_kg,masse_lbs,statut,sequence,mu_max,mu_max_largage,cg_in,mac,marge_dec,marge_largage,optimal,gap,boites,ecart_sortie,temps,warn
2026-07-03-1.pdf,PC6-A,1,2026-07-03 10:12,,,,,,,,,ignore (avion non Caravan),,,,,,,,,,,,,
2026-07-03-1.pdf,PC6-A,1,2026-07-03 10:12,,,,,,,,,ignore (avion non Caravan),,,,,,,,,,,,,
2026-07-03-1.pdf,PC6-A,1,2026-07-03 10:12,,,,,,,,,ignore (avion non Caravan),,,,,,,,,,,,,
2026-07-03-2.pdf,PC6-A,2,2026-07-03 10:35,,,,,,,,,ignore (avion non Caravan),,,,,,,,,,,,,
2026-07-03-2.pdf,PC6-A,2,2026-07-03 10:35,,,,,,,,,ignore (avion non Caravan),,,,,,,,,,,,,
2026-07-03-2.pdf,PC6-A,2,2026-07-03 10:35,,,,,,,,,ignore (avion non Caravan),,,,,,,,,,,,,
2026-07-03-3.pdf,PC6-A,3,2026-07-03 11:27,,,,,,,,,ignore (avion non Caravan),,,,,,,,,,,,,
2026-07-03-3.pdf,PC6-A,3,2026-07-03 11:27,,,,,,,,,ignore (avion non Caravan),,,,,,,,,,,,,
2026-07-03-3.pdf,PC6-A,3,2026-07-03 11:27,,,,,,,,,ignore (avion non Caravan),,,,,,,,,,,,,
2026-07-03-4.pdf,PC6-A,4,2026-07-03 11:47,,,,,,,,,ignore (avion non Caravan),,,,,,,,,,,,,
2026-07-03-4.pdf,PC6-A,4,2026-07-03 11:47,,,,,,,,,ignore (avion non Caravan),,,,,,,,,,,,,
2026-07-03-4.pdf,PC6-A,4,2026-07-03 11:47,,,,,,,,,ignore (avion non Caravan),,,,,,,,,,,,,
2026-07-03-5.pdf,PC6-A,5,2026-07-03 14:39,,,,,,,,,ignore (avion non Caravan),,,,,,,,,,,,,
2026-07-03-5.pdf,PC6-A,5,2026-07-03 14:39,,,,,,,,,ignore (avion non Caravan),,,,,,,,,,,,,
2026-07-03-5.pdf,PC6-A,5,2026-07-03 14:39,,,,,,,,,ignore (avion non Caravan),,,,,,,,,,,,,
2026-07-03-6.pdf,PC6-A,6,2026-07-03 15:01,,,,,,,,,ignore (avion non Caravan),,,,,,,,,,,,,
2026-07-03-6.pdf,PC6-A,6,2026-07-03 15:01,,,,,,,,,ignore (avion non Caravan),,,,,,,,,,,,,
2026-07-03-6.pdf,PC6-A,6,2026-07-03 15:01,,,,,,,,,ignore (avion non Caravan),,,,,,,,,,,,,
2026-07-03-7.pdf,PC6-A,7,2026-07-03 16:16,,,,,,,,,ignore (avion non Caravan),,,,,,,,,,,,,
2026-07-03-7.pdf,PC6-A,7,2026-07-03 16:16,,,,,,,,,ignore (avion non Caravan),,,,,,,,,,,,,
2026-07-03-7.pdf,PC6-A,7,2026-07-03 16:16,,,,,,,,,ignore (avion non Caravan),,,,,,,,,,,,,
2026-07-03-8.pdf,PC6-A,8,2026-07-03 17:15,,,,,,,,,ignore (avion non Caravan),,,,,,,,,,,,,
2026-07-03-8.pdf,PC6-A,8,2026-07-03 17:15,,,,,,,,,ignore (avion non Caravan),,,,,,,,,,,,,
2026-07-03-8.pdf,PC6-A,8,2026-07-03 17:15,,,,,,,,,ignore (avion non Caravan),,,,,,,,,,,,,
2026-07-04-1.pdf,C208B-B,1,2026-07-04 08:38,,,,,,,,,ignore (carburant_absent),,,,,,,,,,,,,carburant_absent
2026-07-04-1.pdf,C208B-B,1,2026-07-04 08:38,,,,,,,,,ignore (carburant_absent),,,,,,,,,,,,,carburant_absent
2026-07-04-1.pdf,C208B-B,1,2026-07-04 08:38,,,,,,,,,ignore (carburant_absent),,,,,,,,,,,,,carburant_absent
2026-07-04-10.pdf,C208B-B,10,2026-07-04 11:58,0,11,3,0,575.6,88.0,908.0,7757.81047522388,ok,True,6.1525732452107205,6.1525732452107205,203.80140274525894,39.50512461635383,0.548597254741054,2.4724684626351916,False,0.11119330912568232,2.475999999999999,12.0,10.342966318130493,
2026-07-04-10.pdf,C208B-B,10,2026-07-04 11:58,1,11,3,0,575.6,88.0,908.0,7757.81047522388,ok,True,6.153938026775108,6.153938026775108,203.73725616856012,39.40851832614477,0.6127438314398717,2.4110025359644567,False,0.1575334660774577,2.475999999999999,14.0,10.61016845703125,
2026-07-04-10.pdf,C208B-B,10,2026-07-04 11:58,2,11,3,0,575.6,88.0,908.0,7757.81047522388,ok,True,6.148414260687267,6.148414260687267,203.84215094198828,39.56649238251247,0.5078490580117148,2.7345553073365068,False,0.1553286955291043,2.1053333333333333,17.0,10.481202602386475,
2026-07-04-11.pdf,C208B-B,11,2026-07-04 14:40,0,17,5,0,1149.5,88.0,1348.0,9301.49103641791,ECHEC MTOW : masse au decollage 9302 lbs > MTOW 9062 (depassement 109 kg),,,,,,,,,,,,0.0008499622344970703,
2026-07-04-11.pdf,C208B-B,11,2026-07-04 14:40,1,17,5,0,1149.5,88.0,1348.0,9301.49103641791,ECHEC MTOW : masse au decollage 9302 lbs > MTOW 9062 (depassement 109 kg),,,,,,,,,,,,0.0008749961853027344,
2026-07-04-11.pdf,C208B-B,11,2026-07-04 14:40,2,17,5,0,1149.5,88.0,1348.0,9301.49103641791,ECHEC MTOW : masse au decollage 9301 lbs > MTOW 9062 (depassement 109 kg),,,,,,,,,,,,0.0043299198150634766,
2026-07-04-12.pdf,C208B-B,12,2026-07-04 15:05,0,16,5,0,1045.9,88.0,1373.0,9253.239372238806,ECHEC MTOW : masse au decollage 9253 lbs > MTOW 9062 (depassement 87 kg),,,,,,,,,,,,0.0005064010620117188,
2026-07-04-12.pdf,C208B-B,12,2026-07-04 15:05,1,16,5,0,1045.9,88.0,1373.0,9253.239372238806,ECHEC MTOW : masse au decollage 9253 lbs > MTOW 9062 (depassement 87 kg),,,,,,,,,,,,0.0007700920104980469,
2026-07-04-12.pdf,C208B-B,12,2026-07-04 15:05,2,16,5,0,1045.9,88.0,1373.0,9253.239372238806,ECHEC MTOW : masse au decollage 9253 lbs > MTOW 9062 (depassement 87 kg),,,,,,,,,,,,0.00041103363037109375,
2026-07-04-13.pdf,C208B-B,13,2026-07-04 15:32,0,16,5,0,942.3,88.0,1348.0,9094.198499104477,ECHEC MTOW : masse au decollage 9095 lbs > MTOW 9062 (depassement 15 kg),,,,,,,,,,,,0.0004723072052001953,
2026-07-04-13.pdf,C208B-B,13,2026-07-04 15:32,1,16,5,0,942.3,88.0,1348.0,9094.198499104477,ECHEC MTOW : masse au decollage 9095 lbs > MTOW 9062 (depassement 15 kg),,,,,,,,,,,,0.00024700164794921875,
2026-07-04-13.pdf,C208B-B,13,2026-07-04 15:32,2,16,5,0,942.3,88.0,1348.0,9094.198499104477,ECHEC MTOW : masse au decollage 9094 lbs > MTOW 9062 (depassement 15 kg),,,,,,,,,,,,0.0003867149353027344,
2026-07-04-14.pdf,C208B-B,14,2026-07-04 15:54,0,17,8,0,838.6,88.0,1402.0,9109.967382089551,ECHEC MTOW : masse au decollage 9110 lbs > MTOW 9062 (depassement 22 kg),,,,,,,,,,,,0.00045299530029296875,
2026-07-04-14.pdf,C208B-B,14,2026-07-04 15:54,1,17,8,0,838.6,88.0,1402.0,9109.967382089551,ECHEC MTOW : masse au decollage 9110 lbs > MTOW 9062 (depassement 22 kg),,,,,,,,,,,,0.0003631114959716797,
2026-07-04-14.pdf,C208B-B,14,2026-07-04 15:54,2,17,8,0,838.6,88.0,1402.0,9109.967382089551,ECHEC MTOW : masse au decollage 9110 lbs > MTOW 9062 (depassement 22 kg),,,,,,,,,,,,0.00033783912658691406,
2026-07-04-15.pdf,C208B-B,15,2026-07-04 17:03,0,18,6,0,735.0,88.0,1482.0,9182.283250746268,ECHEC MTOW : masse au decollage 9183 lbs > MTOW 9062 (depassement 55 kg),,,,,,,,,,,,0.00044274330139160156,
2026-07-04-15.pdf,C208B-B,15,2026-07-04 17:03,1,18,6,0,735.0,88.0,1482.0,9182.283250746268,ECHEC MTOW : masse au decollage 9183 lbs > MTOW 9062 (depassement 55 kg),,,,,,,,,,,,0.0004596710205078125,
2026-07-04-15.pdf,C208B-B,15,2026-07-04 17:03,2,18,6,0,735.0,88.0,1482.0,9182.283250746268,ECHEC MTOW : masse au decollage 9182 lbs > MTOW 9062 (depassement 55 kg),,,,,,,,,,,,0.0003802776336669922,
2026-07-04-16.pdf,C208B-B,16,2026-07-04 17:29,0,15,5,0,631.4,88.0,1197.0,8450.760580597014,ok,True,4.263002868879148,4.263002868879148,203.68827675220112,39.33475414488121,0.661723247798875,1.5908671507339136,False,0.20061152816539868,4.328666666666665,15.0,11.394734144210815,
2026-07-04-16.pdf,C208B-B,16,2026-07-04 17:29,1,15,5,0,631.4,88.0,1197.0,8450.760580597014,ok,True,4.250686820648577,4.250686820648577,203.7657271696033,39.45139633976403,0.5842728303966851,1.6839983579801583,False,0.13948830105831467,4.328666666666666,17.0,11.11253571510315,
2026-07-04-16.pdf,C208B-B,16,2026-07-04 17:29,2,15,5,0,631.4,88.0,1197.0,8450.760580597014,ok,True,4.258271187207303,4.258271187207303,203.32649881746656,38.78990785763036,1.0235011825334368,1.401044571121389,False,0.009897118719608263,4.328666666666665,15.0,11.537164211273193,
2026-07-04-17.pdf,C208B-B,17,2026-07-04 17:48,0,15,5,3,527.8,88.0,1273.0,8514.4102080597,ok,True,2.2534982679572533,2.2534982679572533,203.79781379820963,39.49971957561692,0.5521862017903629,0.4193792201513702,True,0.009367274564860171,6.147999999999999,21.0,2.510946273803711,
2026-07-04-17.pdf,C208B-B,17,2026-07-04 17:48,1,15,5,3,527.8,88.0,1273.0,8514.4102080597,ok,True,2.0008746196215825,2.0008746196215825,202.4309013857408,37.44111654479038,1.919098614259184,0.2481612180179411,True,0.006442360693522004,6.333333333333331,21.0,1.712101697921753,
2026-07-04-17.pdf,C208B-B,17,2026-07-04 17:48,2,15,5,3,527.8,88.0,1273.0,8514.4102080597,ok,True,0.6741426283337715,0.6741426283337715,203.6758573716662,39.31605025853346,0.674142628333783,0.1927079566922032,True,3.607616043537256e-06,6.1480000000000015,33.0,1.777703046798706,
2026-07-04-18.pdf,C208B-B,18,2026-07-04 18:44,0,15,5,0,1027.4,88.0,1225.0,8908.56606,ok,True,2.584553849272224,2.584553849272224,203.6785347971643,39.320082525849855,0.6714652028356909,0.07579507418122944,False,0.3625484444592355,6.535333333333334,19.0,20.074158668518066,
2026-07-04-18.pdf,C208B-B,18,2026-07-04 18:44,1,15,5,0,1027.4,88.0,1225.0,8908.56606,ok,True,3.0035569066851706,3.0035569066851706,203.8204249138974,39.53377246068886,0.5295750861025965,0.2576881936844586,False,0.2063470408627635,5.39,20.0,12.300701141357422,
2026-07-04-18.pdf,C208B-B,18,2026-07-04 18:44,2,15,5,0,1027.4,88.0,1225.0,8908.56606,ok,True,3.0129657601072455,3.0129657601072455,203.70021798821543,39.352737934059384,0.6497820117845663,0.03112524923793103,False,0.27121510587086123,5.204666666666667,20.0,16.90403437614441,
2026-07-04-19.pdf,C208B-B,19,2026-07-04 19:01,0,13,5,0,923.7,88.0,1058.0,8436.407952835822,ok,True,4.259739853067412,4.259739853067412,203.68403699752258,39.32836897217257,0.6659630024774117,2.0540774019797823,False,0.3271709271104851,6.467999999999999,23.0,11.878150939941406,
2026-07-04-19.pdf,C208B-B,19,2026-07-04 19:01,1,13,5,0,923.7,88.0,1058.0,8436.407952835822,ok,True,4.293589496660851,4.293589496660851,203.79303527114268,39.492522998708864,0.5569647288573094,1.9079022721346632,False,0.30529416110432517,6.7879999999999985,23.0,14.167074203491211,
2026-07-04-19.pdf,C208B-B,19,2026-07-04 19:01,2,13,5,0,923.7,88.0,1058.0,8436.407952835822,ok,True,4.295244850774164,4.295244850774164,203.18266527014973,38.57329106950261,1.1673347298502676,1.853825729800235,False,0.33177553150486755,6.653333333333332,24.0,12.234169960021973,
2026-07-04-2.pdf,C208B-B,2,2026-07-04 08:57,,,,,,,,,ignore (carburant_absent),,,,,,,,,,,,,carburant_absent
2026-07-04-2.pdf,C208B-B,2,2026-07-04 08:57,,,,,,,,,ignore (carburant_absent),,,,,,,,,,,,,carburant_absent
2026-07-04-2.pdf,C208B-B,2,2026-07-04 08:57,,,,,,,,,ignore (carburant_absent),,,,,,,,,,,,,carburant_absent
2026-07-04-3.pdf,C208B-B,3,2026-07-04 09:23,,,,,,,,,ignore (carburant_absent),,,,,,,,,,,,,carburant_absent
2026-07-04-3.pdf,C208B-B,3,2026-07-04 09:23,,,,,,,,,ignore (carburant_absent),,,,,,,,,,,,,carburant_absent
2026-07-04-3.pdf,C208B-B,3,2026-07-04 09:23,,,,,,,,,ignore (carburant_absent),,,,,,,,,,,,,carburant_absent
2026-07-04-4.pdf,C208B-B,4,2026-07-04 09:42,,,,,,,,,ignore (carburant_absent),,,,,,,,,,,,,carburant_absent
2026-07-04-4.pdf,C208B-B,4,2026-07-04 09:42,,,,,,,,,ignore (carburant_absent),,,,,,,,,,,,,carburant_absent
2026-07-04-4.pdf,C208B-B,4,2026-07-04 09:42,,,,,,,,,ignore (carburant_absent),,,,,,,,,,,,,carburant_absent
2026-07-04-5.pdf,C208B-B,5,2026-07-04 10:08,0,14,6,0,975.3,88.0,1122.0,8629.3902,ok,True,3.7500753279875334,3.7500753279875334,203.66352533956484,39.297477921031394,0.6864746604351524,0.9926086335266291,False,0.24524538833658657,3.5706666666666638,19.0,12.348814487457275,
2026-07-04-5.pdf,C208B-B,5,2026-07-04 10:08,1,14,6,0,975.3,88.0,1122.0,8629.3902,ok,True,3.7591504297778813,3.7591504297778813,203.60843779930696,39.21451475799241,0.7415622006930391,1.0086410944122406,False,0.13057055375079818,3.6379999999999972,18.0,11.702425003051758,
2026-07-04-5.pdf,C208B-B,5,2026-07-04 10:08,2,14,6,0,975.3,88.0,1122.0,8629.3902,ok,True,3.7738142629024836,3.7738142629024836,203.4981181564669,39.04837071757062,0.851881843533107,1.4981056337025507,False,0.22553784165774363,4.075999999999997,16.0,11.053572654724121,
2026-07-04-6.pdf,C208B-B,6,2026-07-04 10:31,0,15,5,0,871.7,88.0,1215.0,8730.330307761193,ok,True,3.4944107392050006,3.4944107392050006,203.62366088161747,39.2374410867733,0.7263391183825263,0.14871631975282185,False,0.18578707583379456,4.58133333333333,20.0,11.587753295898438,
2026-07-04-6.pdf,C208B-B,6,2026-07-04 10:31,1,15,5,0,871.7,88.0,1215.0,8730.330307761193,ok,True,3.5008498894893485,3.5008498894893485,203.6747498891269,39.31438236314293,0.675250110873094,0.5454237720872186,False,0.1649238313052921,5.086666666666668,21.0,11.645394563674927,
2026-07-04-6.pdf,C208B-B,6,2026-07-04 10:31,2,15,5,0,871.7,88.0,1215.0,8730.330307761193,ok,True,3.4857988910954076,3.4857988910954076,203.71463826058863,39.37445521172987,0.6353617394113655,0.785001917155256,False,0.23916817201467122,5.086666666666668,21.0,10.57614541053772,
2026-07-04-7.pdf,C208B-B,7,2026-07-04 10:55,0,15,5,0,768.1,88.0,1309.0,8834.418319104476,ok,True,3.2169312096687643,3.2169312096687643,203.63622830046367,39.25636792238505,0.7137716995363235,0.01827926177654149,False,0.27939589442778656,4.5139999999999985,24.0,12.678734540939331,
2026-07-04-7.pdf,C208B-B,7,2026-07-04 10:55,1,15,5,0,768.1,88.0,1309.0,8834.418319104476,ok,True,3.193580553507194,3.193580553507194,203.83715649302192,39.55897062202097,0.5128435069780721,0.16647126936888412,False,0.22179512853584477,4.261333333333333,20.0,12.49647068977356,
2026-07-04-7.pdf,C208B-B,7,2026-07-04 10:55,2,15,5,0,768.1,88.0,1309.0,8834.418319104476,ok,True,3.2043843897780966,3.2043843897780966,203.71945787323705,39.38171366451363,0.630542126762947,0.234942898361993,False,0.24618740471278563,5.019333333333333,18.0,13.234654664993286,
2026-07-04-8.pdf,C208B-B,8,2026-07-04 11:18,0,15,5,0,664.5,88.0,1193.0,8474.700309552238,ok,True,4.16256635508971,4.16256635508971,203.68818095217185,39.334609867728695,0.6618190478281463,1.3947274263986742,False,0.2557800138427803,4.193999999999999,14.0,11.747260332107544,
2026-07-04-8.pdf,C208B-B,8,2026-07-04 11:18,1,15,5,0,664.5,88.0,1193.0,8474.700309552238,ok,True,4.194582545517994,4.194582545517994,203.68429581710345,39.328758760697966,0.6657041828965475,0.9870092138560267,False,0.2208381623423135,4.379333333333333,13.0,11.164591073989868,
2026-07-04-8.pdf,C208B-B,8,2026-07-04 11:18,2,15,5,0,664.5,88.0,1193.0,8474.700309552238,ok,True,4.195156449488446,4.195156449488446,203.74881442197665,39.425925334302185,0.6011855780233475,0.8529535864634283,False,0.2670112973985293,4.379333333333333,13.0,11.913570880889893,
2026-07-04-9.pdf,C208B-B,9,2026-07-04 11:40,0,18,6,0,679.2,88.0,1490.0,9144.227673432835,ECHEC MTOW : masse au decollage 9144 lbs > MTOW 9062 (depassement 37 kg),,,,,,,,,,,,0.00040459632873535156,
2026-07-04-9.pdf,C208B-B,9,2026-07-04 11:40,1,18,6,0,679.2,88.0,1490.0,9144.227673432835,ECHEC MTOW : masse au decollage 9144 lbs > MTOW 9062 (depassement 37 kg),,,,,,,,,,,,0.00038623809814453125,
2026-07-04-9.pdf,C208B-B,9,2026-07-04 11:40,2,18,6,0,679.2,88.0,1490.0,9144.227673432835,ECHEC MTOW : masse au decollage 9144 lbs > MTOW 9062 (depassement 37 kg),,,,,,,,,,,,0.00041031837463378906,
2026-07-05-1.pdf,C208B-B,1,2026-07-05 09:21,0,16,6,0,870.8,60.0,1321.0,8901.383205074626,ok,True,3.0331822139722493,3.0331822139722493,203.74988451379335,39.42753691836348,0.6001154862066471,0.17913687774770892,False,0.26247144711997233,5.844666666666665,18.0,11.612497329711914,
2026-07-05-1.pdf,C208B-B,1,2026-07-05 09:21,1,16,6,0,870.8,60.0,1321.0,8901.383205074626,ok,True,3.013388951086478,3.013388951086478,203.77804477700468,39.4699469533203,0.5719552229953138,0.18862397013393206,False,0.2547334474940353,6.282666666666664,19.0,11.699169874191284,
2026-07-05-1.pdf,C208B-B,1,2026-07-05 09:21,2,16,6,0,870.8,60.0,1321.0,8901.383205074626,ok,True,3.015981419952648,3.015981419952648,203.65632986156896,39.28664135778459,0.6936701384310311,0.191923800105684,False,0.6154165736358919,6.231999999999998,36.0,12.11449122428894,
2026-07-05-10.pdf,C208B-B,10,2026-07-05 15:25,0,16,4,0,837.8,88.0,1306.0,8897.53580238806,ok,True,3.03381892463894,3.03381892463894,203.37529995859714,38.86340355210413,0.9747000414028548,0.36237097740468016,False,0.33763427429037557,6.282666666666666,24.0,12.580127477645874,
2026-07-05-10.pdf,C208B-B,10,2026-07-05 15:25,1,16,4,0,837.8,88.0,1306.0,8897.53580238806,ok,True,3.0454095915390353,3.0454095915390353,203.53919939987478,39.110240060052384,0.8108006001252193,0.005329310107612173,False,0.3403994356593188,6.7879999999999985,25.0,11.708122253417969,
2026-07-05-10.pdf,C208B-B,10,2026-07-05 15:25,2,16,4,0,837.8,88.0,1306.0,8897.53580238806,ok,True,3.0361103370922176,3.0361103370922176,203.7257635584389,39.39121017837184,0.624236441561095,0.1959104349186589,False,0.22209530601255223,6.282666666666666,22.0,11.699275493621826,
2026-07-05-11.pdf,C208B-B,11,2026-07-05 15:41,0,9,4,0,734.1,88.0,739.0,7543.364023582089,ok,True,6.72085114515569,6.72085114515569,203.07887620571202,38.41698223751811,1.2711237942879734,3.641357492958406,True,0.009806298196256372,3.2339999999999987,13.0,8.627144813537598,
2026-07-05-11.pdf,C208B-B,11,2026-07-05 15:41,1,9,4,0,734.1,88.0,739.0,7543.364023582089,ok,True,6.724934984943457,6.724934984943457,202.6771635377308,37.811993279715054,1.6728364622692027,3.728111326310909,True,0.008956373785334263,3.2339999999999987,13.0,8.265283107757568,
2026-07-05-11.pdf,C208B-B,11,2026-07-05 15:41,2,9,4,0,734.1,88.0,739.0,7543.364023582089,ok,True,6.744415302140599,6.744415302140599,203.66483025358534,39.29944315298997,0.6851697464146582,3.0180971473399154,True,0.009927467672969651,3.368666666666668,11.0,8.239482879638672,
2026-07-05-12.pdf,C208B-B,12,2026-07-05 17:02,0,18,5,0,630.5,88.0,1505.0,9128.870107761195,ECHEC MTOW : masse au decollage 9129 lbs > MTOW 9062 (depassement 30 kg),,,,,,,,,,,,0.0003731250762939453,
2026-07-05-12.pdf,C208B-B,12,2026-07-05 17:02,1,18,5,0,630.5,88.0,1505.0,9128.870107761195,ECHEC MTOW : masse au decollage 9129 lbs > MTOW 9062 (depassement 30 kg),,,,,,,,,,,,0.00037932395935058594,
2026-07-05-12.pdf,C208B-B,12,2026-07-05 17:02,2,18,5,0,630.5,88.0,1505.0,9128.870107761195,ECHEC MTOW : masse au decollage 9129 lbs > MTOW 9062 (depassement 31 kg),,,,,,,,,,,,0.0003781318664550781,
2026-07-05-2.pdf,C208B-B,2,2026-07-05 09:45,0,15,5,0,767.2,60.0,1211.0,8555.722766268656,ok,True,3.9758794429714537,3.9758794429714537,203.84120956696185,39.56507464903894,0.5087904330381434,0.26193468508679985,False,0.14923769684473948,3.8739999999999997,16.0,11.81214189529419,
2026-07-05-2.pdf,C208B-B,2,2026-07-05 09:45,1,15,5,0,767.2,60.0,1211.0,8555.722766268656,ok,True,3.9645111979316128,3.9645111979316128,203.7719267367472,39.460733037269875,0.5780732632528043,1.6596729387834444,False,0.19022873358709597,3.7393333333333327,15.0,11.177314519882202,
2026-07-05-2.pdf,C208B-B,2,2026-07-05 09:45,2,15,5,0,767.2,60.0,1211.0,8555.722766268656,ok,True,3.972649312745567,3.972649312745567,203.73693284304716,39.40803139013126,0.6130671569528374,0.500829022210695,False,0.181084762184713,3.8739999999999997,17.0,11.379927396774292,
2026-07-05-3.pdf,C208B-B,3,2026-07-05 10:10,0,17,5,0,663.6,60.0,1397.0,8861.82686238806,ok,True,3.126767302603137,3.126767302603137,203.79500874191987,39.49549509325283,0.554991258080122,0.08334772897612197,False,0.30215449797701527,5.8953333333333315,18.0,11.111351728439331,
2026-07-05-3.pdf,C208B-B,3,2026-07-05 10:10,1,17,5,0,663.6,60.0,1397.0,8861.82686238806,ok,True,3.1405690440648786,3.1405690440648786,203.75289408803846,39.43206940969648,0.5971059119615347,0.01728420474924519,False,0.3423370914858606,3.0653333333333332,30.0,11.084901809692383,
2026-07-05-3.pdf,C208B-B,3,2026-07-05 10:10,2,17,5,0,663.6,60.0,1397.0,8861.82686238806,ok,True,3.1425441300374697,3.1425441300374697,203.8200472483613,39.53320368729113,0.5299527516386888,0.20327396949329568,False,0.4201807145328348,4.513999999999999,30.0,11.313745021820068,
2026-07-05-4.pdf,C208B-B,4,2026-07-05 10:35,0,10,3,0,560.0,60.0,833.0,7515.083868955224,ok,True,6.818762176457536,6.818762176457536,203.725433834869,39.39071360673042,0.6245661651310002,2.7640950567705715,True,0.009865680151980746,3.2339999999999987,14.0,9.370437145233154,
2026-07-05-4.pdf,C208B-B,4,2026-07-05 10:35,1,10,3,0,560.0,60.0,833.0,7515.083868955224,ok,True,6.814754908281567,6.814754908281567,203.70517078498676,39.360196965341515,0.6448292150132318,2.870524694218659,True,0.009976984955119337,3.166666666666665,13.0,10.381519079208374,
2026-07-05-4.pdf,C208B-B,4,2026-07-05 10:35,2,10,3,0,560.0,60.0,833.0,7515.083868955224,ok,True,6.825317311108225,6.825317311108225,203.7981940519864,39.500292246967476,0.5518059480135946,2.84900799616085,False,0.09071932382309383,3.4866666666666655,13.0,10.612309694290161,
2026-07-05-5.pdf,C208B-B,5,2026-07-05 10:57,0,18,7,0,456.4,60.0,1469.0,8813.452039701491,ok,True,3.2584437935479897,3.2584437935479897,203.7031898434818,39.357213619701504,0.6468101565181996,0.006837028402969736,False,0.3873855999173005,8.236666666666666,30.0,12.44277286529541,
2026-07-05-5.pdf,C208B-B,5,2026-07-05 10:57,1,18,7,0,456.4,60.0,1469.0,8813.452039701491,ok,True,3.2554102729823526,3.2554102729823526,203.84634396449098,39.572807175438236,0.5036560355090103,0.022853148096857012,False,0.34577196638871976,7.545999999999999,37.0,13.45997953414917,
2026-07-05-5.pdf,C208B-B,5,2026-07-05 10:57,2,18,7,0,456.4,60.0,1469.0,8813.452039701491,ok,True,3.24811373707787,3.24811373707787,203.4619135269465,38.99384567311219,0.8880864730535052,0.014803888331016424,False,0.36468437706329626,4.463333333333334,33.0,13.25004506111145,
2026-07-05-6.pdf,C208B-B,6,2026-07-05 11:16,0,15,4,0,352.7,60.0,1228.7,8180.057973104478,ok,True,4.993711166725415,4.993711166725415,203.76520672081173,39.450612531342976,0.5847932791882613,1.7920271841656188,False,0.2438917921808513,3.621333333333331,18.0,10.838162899017334,
2026-07-05-6.pdf,C208B-B,6,2026-07-05 11:16,1,15,4,0,352.7,60.0,1228.7,8180.057973104478,ok,True,4.996676483280526,4.996676483280526,203.72775461021465,39.394208750323266,0.6222453897853484,2.3282583745223064,False,0.12719620715307825,4.631999999999996,14.0,10.711104154586792,
2026-07-05-6.pdf,C208B-B,6,2026-07-05 11:16,2,15,4,0,352.7,60.0,1228.7,8180.057973104478,ok,True,4.997239876018409,4.997239876018409,203.8079361742657,39.51496411787004,0.5420638257342887,0.8382932974605808,False,0.14360734580597034,3.806666666666664,16.0,11.61542272567749,
2026-07-05-7.pdf,C208B-B,7,2026-07-05 12:06,0,17,5,0,1027.4,60.0,1403.0,9239.25906,ECHEC MTOW : masse au decollage 9239 lbs > MTOW 9062 (depassement 80 kg),,,,,,,,,,,,0.0004181861877441406,
2026-07-05-7.pdf,C208B-B,7,2026-07-05 12:06,1,17,5,0,1027.4,60.0,1403.0,9239.25906,ECHEC MTOW : masse au decollage 9239 lbs > MTOW 9062 (depassement 80 kg),,,,,,,,,,,,0.00036907196044921875,
2026-07-05-7.pdf,C208B-B,7,2026-07-05 12:06,2,17,5,0,1027.4,60.0,1403.0,9239.25906,ECHEC MTOW : masse au decollage 9239 lbs > MTOW 9062 (depassement 81 kg),,,,,,,,,,,,0.00030303001403808594,
2026-07-05-8.pdf,C208B-B,8,2026-07-05 14:34,0,16,4,0,1045.0,88.0,1312.0,9117.870985074625,ECHEC MTOW : masse au decollage 9117 lbs > MTOW 9062 (depassement 25 kg),,,,,,,,,,,,0.0002999305725097656,
2026-07-05-8.pdf,C208B-B,8,2026-07-05 14:34,1,16,4,0,1045.0,88.0,1312.0,9117.870985074625,ECHEC MTOW : masse au decollage 9118 lbs > MTOW 9062 (depassement 25 kg),,,,,,,,,,,,0.0004134178161621094,
2026-07-05-8.pdf,C208B-B,8,2026-07-05 14:34,2,16,4,0,1045.0,88.0,1312.0,9117.870985074625,ECHEC MTOW : masse au decollage 9118 lbs > MTOW 9062 (depassement 25 kg),,,,,,,,,,,,0.0003612041473388672,
2026-07-05-9.pdf,C208B-B,9,2026-07-05 14:55,0,16,3,0,941.4,88.0,1384.0,9172.651386268657,ECHEC MTOW : masse au decollage 9172 lbs > MTOW 9062 (depassement 50 kg),,,,,,,,,,,,0.0003643035888671875,
2026-07-05-9.pdf,C208B-B,9,2026-07-05 14:55,1,16,3,0,941.4,88.0,1384.0,9172.651386268657,ECHEC MTOW : masse au decollage 9173 lbs > MTOW 9062 (depassement 50 kg),,,,,,,,,,,,0.0003650188446044922,
2026-07-05-9.pdf,C208B-B,9,2026-07-05 14:55,2,16,3,0,941.4,88.0,1384.0,9172.651386268657,ECHEC MTOW : masse au decollage 9173 lbs > MTOW 9062 (depassement 50 kg),,,,,,,,,,,,0.0003609657287597656,
2026-07-10-1.pdf,C208B-A,1,2026-07-10 09:54,0,11,4,0,1027.4,88.0,898.0,8091.655319999999,ok,True,5.240362290149659,5.240362290149659,203.8306309654049,39.54914302018812,0.519369034595087,2.348480205171569,False,0.14019136352863354,3.2339999999999964,18.0,10.813871145248413,
2026-07-10-1.pdf,C208B-A,1,2026-07-10 09:54,1,11,4,0,1027.4,88.0,898.0,8091.655319999999,ok,True,5.239048489659278,5.239048489659278,203.83177841687177,39.55087110974665,0.5182215831282235,3.014284422028993,False,0.1417469036129025,2.7959999999999967,19.0,11.014912605285645,
2026-07-10-1.pdf,C208B-A,1,2026-07-10 09:54,2,11,4,0,1027.4,88.0,898.0,8091.655319999999,ok,True,5.2259247935726965,5.2259247935726965,203.71538347683472,39.37557752535349,0.6346165231652776,2.504252236313448,False,0.05706900488538714,2.7959999999999967,19.0,10.736700534820557,
2026-07-10-2.pdf,C208B-A,2,2026-07-10 10:15,0,6,3,0,923.7,88.0,483.0,7072.751452835821,ok,True,8.041684547875242,8.041684547875242,203.6428486961111,39.26633839775767,0.7071513038889066,3.421725231339366,True,0.006568519940932773,2.0379999999999976,7.0,2.053213119506836,
2026-07-10-2.pdf,C208B-A,2,2026-07-10 10:15,1,6,3,0,923.7,88.0,483.0,7072.751452835821,ok,True,8.012220736634179,8.012220736634179,203.6519772331057,39.2800861944363,0.6980227668942973,4.108958526975414,True,0.006495694299127032,2.0379999999999976,7.0,2.292855978012085,
2026-07-10-2.pdf,C208B-A,2,2026-07-10 10:15,2,6,3,0,923.7,88.0,483.0,7072.751452835821,ok,True,7.97907552944679,7.97907552944679,203.80463672539497,39.509995068365924,0.5453632746050232,3.9477186711083334,True,0.00884806951711279,2.0379999999999976,7.0,1.459855318069458,
2026-07-10-3.pdf,C208B-A,3,2026-07-10 10:36,0,10,4,0,820.1,88.0,876.0,7835.593978507462,ok,True,5.930817848913587,5.930817848913587,203.64428154791545,39.2684963071016,0.7057184520845396,2.517732895769541,False,0.09972742196877886,2.8633333333333306,22.0,10.749834060668945,
2026-07-10-3.pdf,C208B-A,3,2026-07-10 10:36,1,10,4,0,820.1,88.0,876.0,7835.593978507462,ok,True,5.937880286028006,5.937880286028006,203.82136056445722,39.53518157297775,0.5286394355427717,2.483171176101024,False,0.13177612450805284,3.048666666666663,20.0,10.307369947433472,
2026-07-10-3.pdf,C208B-A,3,2026-07-10 10:36,2,10,4,0,820.1,88.0,876.0,7835.593978507462,ok,True,5.942474438358971,5.942474438358971,203.79357518012526,39.49333611464648,0.556424819874735,2.2503436798379823,True,0.00993389968447706,2.8633333333333306,16.0,9.334765434265137,
2026-07-10-4.pdf,C208B-A,4,2026-07-10 11:07,0,7,3,0,716.5,88.0,544.0,7000.125810149253,ok,True,8.239152175913453,8.239152175913453,203.78795784019943,39.48487626536058,0.5620421598005692,2.9056493335556866,True,0.009793442140144588,3.0486666666666657,10.0,5.854761123657227,
2026-07-10-4.pdf,C208B-A,4,2026-07-10 11:07,1,7,3,0,716.5,88.0,544.0,7000.125810149253,ok,True,8.242674597704177,8.242674597704177,203.3014889809777,38.75224244123147,1.0485110190222997,3.413488793186673,True,0.009774312292374982,3.0486666666666657,11.0,5.882066965103149,
2026-07-10-4.pdf,C208B-A,4,2026-07-10 11:07,2,7,3,0,716.5,88.0,544.0,7000.125810149253,ok,True,8.229081749932014,8.229081749932014,203.28179420470664,38.72258163359435,1.068205795293352,3.6736594455538523,True,0.009180803454248536,3.0486666666666657,11.0,8.622216701507568,
2026-07-10-5.pdf,C208B-A,5,2026-07-10 11:26,0,9,4,0,612.9,88.0,753.0,7357.133181194029,ok,True,7.245538573411751,7.245538573411751,203.80475126262667,39.5101675641968,0.5452487373733277,2.803878667381923,False,0.07532410750451578,3.301333333333332,18.0,10.470183372497559,
2026-07-10-5.pdf,C208B-A,5,2026-07-10 11:26,1,9,4,0,612.9,88.0,753.0,7357.133181194029,ok,True,7.240223409919807,7.240223409919807,203.54283656751363,39.11571772215909,0.8071634324863624,3.0206125344907946,True,0.009987754869152498,3.2339999999999964,17.0,6.334341287612915,
2026-07-10-5.pdf,C208B-A,5,2026-07-10 11:26,2,9,4,0,612.9,88.0,753.0,7357.133181194029,ok,True,7.232977297527209,7.232977297527209,203.8097981364191,39.5177682777396,0.5402018635809043,2.8655644202762858,False,0.1335413121243331,2.86333333333333,19.0,10.645206928253174,
2026-07-10-6.pdf,C208B-A,6,2026-07-10 11:47,0,7,3,0,509.3,88.0,572.0,6854.747707462686,ok,True,8.63830031688468,8.63830031688468,203.36890203890408,38.85376813087965,0.9810979610959123,3.8478803131627615,True,0.00973867923026235,2.7960000000000016,14.0,6.473925590515137,
2026-07-10-6.pdf,C208B-A,6,2026-07-10 11:47,1,7,3,0,509.3,88.0,572.0,6854.747707462686,ok,True,8.639454554327413,8.639454554327413,203.27374242809276,38.710455463995125,1.0762575719072345,3.7574438134971047,True,0.00963791443224586,2.7960000000000016,14.0,7.801071643829346,
2026-07-10-6.pdf,C208B-A,6,2026-07-10 11:47,2,7,3,0,509.3,88.0,572.0,6854.747707462686,ok,True,8.639852384996097,8.639852384996097,203.80560553937318,39.51145412556202,0.544394460626819,3.1081794517253343,True,0.00922135561225159,3.1160000000000014,12.0,7.681684255599976,
2026-07-10-7.pdf,C208B-B,7,2026-07-10 12:07,,,,,,,,,ignore (carburant_absent),,,,,,,,,,,,,carburant_absent
2026-07-10-7.pdf,C208B-B,7,2026-07-10 12:07,,,,,,,,,ignore (carburant_absent),,,,,,,,,,,,,carburant_absent
2026-07-10-7.pdf,C208B-B,7,2026-07-10 12:07,,,,,,,,,ignore (carburant_absent),,,,,,,,,,,,,carburant_absent
2026-07-11-1.pdf,C208B-A,1,2026-07-11 09:44,0,13,5,0,1027.4,60.0,1031.0,8323.14042,ok,True,4.594881224699599,4.594881224699599,203.82198117102308,39.536116221420315,0.5280188289769114,2.285917176509628,False,0.22473740252668467,4.446666666666665,26.0,10.998089075088501,
2026-07-11-1.pdf,C208B-A,1,2026-07-11 09:44,1,13,5,0,1027.4,60.0,1031.0,8323.14042,ok,True,4.607329701687591,4.607329701687591,203.58411538361884,39.1778846138838,0.7658846163811575,2.8644523519109555,False,0.23218576090635512,3.503333333333331,29.0,10.655142307281494,
2026-07-11-1.pdf,C208B-A,1,2026-07-11 09:44,2,13,5,0,1027.4,60.0,1031.0,8323.14042,ok,True,4.606091616393553,4.606091616393553,203.79420617070667,39.494286401666685,0.5557938292933216,2.672169297755147,False,0.22809081947920368,4.564666666666665,24.0,10.813127040863037,
2026-07-11-10.pdf,C208B-A,10,2026-07-11 15:39,0,15,5,1,489.4,88.0,1233.7,8293.55073161194,ok,True,4.6882960369154105,4.6882960369154105,203.66216510231527,39.29542937095674,0.6878348976847235,2.5746849540349785,False,0.0631219127450143,6.467999999999998,29.0,10.586464405059814,
2026-07-11-10.pdf,C208B-A,10,2026-07-11 15:39,1,15,5,1,489.4,88.0,1233.7,8293.55073161194,ok,True,4.671266715928747,4.671266715928747,203.61223492707538,39.22023332390871,0.737765072924617,2.3571710634043086,False,0.09832659354701777,5.844666666666665,24.0,10.721893548965454,
2026-07-11-10.pdf,C208B-A,10,2026-07-11 15:39,2,15,5,1,489.4,88.0,1233.7,8293.55073161194,ok,True,4.680269374445825,4.680269374445825,203.81977390217793,39.53279202135231,0.5302260978220659,2.491865930468805,False,0.020552076908061996,6.147999999999998,28.0,10.83696985244751,
2026-07-11-11.pdf,C208B-A,11,2026-07-11 15:57,0,14,4,1,385.8,88.0,1159.0,8025.202931044776,ok,True,5.416855623500112,5.416855623500112,203.64168158340635,39.26458069790114,0.7083184165936416,2.1008893864313336,False,0.130005577055858,4.193999999999997,28.0,10.651026964187622,
2026-07-11-11.pdf,C208B-A,11,2026-07-11 15:57,1,14,4,1,385.8,88.0,1159.0,8025.202931044776,ok,True,5.4123379603516515,5.4123379603516515,203.63758012841203,39.25840380784945,0.7124198715879686,1.7693050064529814,False,0.1620705693570602,5.390000000000002,30.0,10.633855104446411,
2026-07-11-11.pdf,C208B-A,11,2026-07-11 15:57,2,14,4,1,385.8,88.0,1159.0,8025.202931044776,ok,True,5.4194231949860665,5.4194231949860665,203.77564032198183,39.46632578611721,0.574359678018169,2.427509743440538,False,0.14452172100317784,4.951999999999999,27.0,10.641173124313354,
2026-07-11-12.pdf,C208B-A,12,2026-07-11 17:04,0,17,5,0,282.2,88.0,1369.0,8384.543280298507,ok,True,4.4041396383731115,4.4041396383731115,203.6360481711489,39.256096643296544,0.7139518288510942,1.1775381373075788,False,0.18687148528784656,6.922666666666667,25.0,11.83238697052002,
2026-07-11-12.pdf,C208B-A,12,2026-07-11 17:04,1,17,5,0,282.2,88.0,1369.0,8384.543280298507,ok,True,4.430153660370283,4.430153660370283,203.00675143711194,38.30836059806016,1.34324856288805,1.0078158037441654,False,0.150964789818958,6.788000000000001,25.0,10.885074377059937,
2026-07-11-12.pdf,C208B-A,12,2026-07-11 17:04,2,17,5,0,282.2,88.0,1369.0,8384.543280298507,ok,True,4.437759082880999,4.437759082880999,203.49049332646828,39.03688753986188,0.8595066735317118,1.182484589291306,False,0.14994172203419392,6.349999999999999,26.0,10.979738712310791,
2026-07-11-2.pdf,C208B-A,2,2026-07-11 10:07,0,16,5,0,923.7,88.0,1298.0,8869.516752835822,ok,True,3.107288903946811,3.107288903946811,203.79079614711688,39.48915082397121,0.5592038528831154,0.33559670195856484,False,0.22130819235118693,6.787999999999997,24.0,13.043668508529663,
2026-07-11-2.pdf,C208B-A,2,2026-07-11 10:07,1,16,5,0,923.7,88.0,1298.0,8869.516752835822,ok,True,3.121009837379345,3.121009837379345,203.68025977710676,39.322680387208976,0.669740222893239,0.986428370737201,False,0.19093748378886652,6.787999999999998,22.0,11.489637613296509,
2026-07-11-2.pdf,C208B-A,2,2026-07-11 10:07,2,16,5,0,923.7,88.0,1298.0,8869.516752835822,ok,True,3.120932983598344,3.120932983598344,203.65556513450085,39.28548966039285,0.6944348654991472,1.4540065436103191,False,0.1797421825050148,6.282666666666665,23.0,11.101972341537476,
2026-07-11-3.pdf,C208B-A,3,2026-07-11 10:52,0,16,5,2,820.1,88.0,1358.0,8898.220818507463,ok,True,0.8395797883634059,0.8395797883634059,203.73218834140786,39.40088605633715,0.6178116585921316,0.274213316434043,True,0.009769331554142863,6.215333333333332,20.0,3.4563491344451904,
2026-07-11-3.pdf,C208B-A,3,2026-07-11 10:52,1,16,5,2,820.1,88.0,1358.0,8898.220818507463,ok,True,1.0632513415091966,1.0632513415091966,203.67345430099147,39.31243117619198,0.6765456990085283,0.5862382673279285,True,0.006910812566293713,6.535333333333331,19.0,4.821132183074951,
2026-07-11-3.pdf,C208B-A,3,2026-07-11 10:52,2,16,5,2,820.1,88.0,1358.0,8898.220818507463,ok,True,3.0164131807335095,3.0164131807335095,203.81638823824406,39.52769312988564,0.5336117617559353,0.563261054125519,True,0.009896541162754492,5.9626666666666654,22.0,6.8482019901275635,
2026-07-11-4.pdf,C208B-A,4,2026-07-11 10:52,0,10,4,1,716.5,88.0,828.0,7626.237890149254,ok,True,6.484134466125359,6.484134466125359,203.68617156260692,39.33158367862488,0.6638284373930787,2.5616672870908417,True,0.009798870182188847,3.8739999999999988,20.0,5.468268394470215,
2026-07-11-4.pdf,C208B-A,4,2026-07-11 10:52,1,10,4,1,716.5,88.0,828.0,7626.237890149254,ok,True,6.513641764311726,6.513641764311726,203.82853807095094,39.545991070709256,0.5214619290490532,2.7884649268023907,True,0.00997177143364666,3.6886666666666654,21.0,4.459516286849976,
2026-07-11-4.pdf,C208B-A,4,2026-07-11 10:52,2,10,4,1,716.5,88.0,828.0,7626.237890149254,ok,True,6.507707360627344,6.507707360627344,203.77868705641717,39.47091424159213,0.571312943582825,2.308344511213079,True,0.009976283998999238,4.244666666666669,19.0,7.351569175720215,
2026-07-11-5.pdf,C208B-A,5,2026-07-11 11:37,0,18,5,2,612.9,88.0,1467.0,8931.231861194028,ok (groupes non ordonnes),True,2.9525712583243013,-0.4754307340886464,203.47018730733717,39.006306185748755,0.8798126926628242,0.03952050352927472,False,0.13561938914409435,7.4786666666666655,31.0,10.955744981765747,
2026-07-11-5.pdf,C208B-A,5,2026-07-11 11:37,1,18,5,2,612.9,88.0,1467.0,8931.231861194028,ok (groupes non ordonnes),True,2.9471681200720274,-0.4484254238330228,203.30971212327933,38.76462669168574,1.0402878767206687,0.2421047253123163,False,0.11986871016486556,7.546000000000001,34.0,10.80130648612976,
2026-07-11-5.pdf,C208B-A,5,2026-07-11 11:37,2,18,5,2,612.9,88.0,1467.0,8931.231861194028,ok,True,0.1602798704688843,0.1602798704688843,204.1897201295311,40.08993995411313,0.1602798704688837,0.2698677875388569,True,0.0,8.994666666666667,31.0,0.5200231075286865,
2026-07-11-6.pdf,C208B-A,6,2026-07-11 12:04,0,18,6,0,508.6,88.0,1527.0,8959.47025522388,ok,True,2.8773887023759865,2.8773887023759865,203.67877714953067,39.32044751435343,0.6712228504693201,0.2630054059428346,False,0.30944797697620946,6.164666666666667,34.0,11.63955044746399,
2026-07-11-6.pdf,C208B-A,6,2026-07-11 12:04,1,18,6,0,508.6,88.0,1527.0,8959.47025522388,ok,True,2.8610404699797627,2.8610404699797627,202.5375012314289,37.60165848106764,1.8124987685710892,0.33873789259666864,False,0.646578383580262,6.758666666666664,71.0,11.528868913650513,
2026-07-11-6.pdf,C208B-A,6,2026-07-11 12:04,2,18,6,0,508.6,88.0,1527.0,8959.47025522388,ok,True,2.877188969067769,2.877188969067769,203.48401174596708,39.027126123444404,0.8659882540329136,0.05685427464581494,False,0.34334387789497023,6.3500000000000005,35.0,12.005602359771729,
2026-07-11-7.pdf,C208B-A,7,2026-07-11 14:29,0,18,5,0,801.2,88.0,1443.0,9066.515011044776,ECHEC MTOW : masse au decollage 9067 lbs > MTOW 9062 (depassement 2 kg),,,,,,,,,,,,0.0004119873046875,
2026-07-11-7.pdf,C208B-A,7,2026-07-11 14:29,1,18,5,0,801.2,88.0,1443.0,9066.515011044776,ECHEC MTOW : masse au decollage 9066 lbs > MTOW 9062 (depassement 2 kg),,,,,,,,,,,,0.00035858154296875,
2026-07-11-7.pdf,C208B-A,7,2026-07-11 14:29,2,18,5,0,801.2,88.0,1443.0,9066.515011044776,ECHEC MTOW : masse au decollage 9066 lbs > MTOW 9062 (depassement 2 kg),,,,,,,,,,,,0.00038123130798339844,
2026-07-11-8.pdf,C208B-A,8,2026-07-11 14:55,0,17,6,0,696.7,88.0,1422.0,8916.074707462687,ok,True,2.996760037092102,2.996760037092102,203.58613253621277,39.18092249429635,0.7638674637872214,1.0046139565190515,False,0.3717149254230309,5.591999999999999,42.0,11.836357116699219,
2026-07-11-8.pdf,C208B-A,8,2026-07-11 14:55,1,17,6,0,696.7,88.0,1422.0,8916.074707462687,ok,True,2.990949916747035,2.990949916747035,203.79257312117002,39.4918269897139,0.5574268788299719,0.26007157549614135,False,0.21278214678159427,6.1646666666666645,23.0,11.045596361160278,
2026-07-11-8.pdf,C208B-A,8,2026-07-11 14:55,2,17,6,0,696.7,88.0,1422.0,8916.074707462687,ok,True,2.98957926035096,2.98957926035096,203.5252981396774,39.08930442722502,0.8247018603225911,0.03492787164282163,False,0.20539408907198534,6.282666666666667,23.0,11.473264217376709,
2026-07-11-9.pdf,C208B-A,9,2026-07-11 15:17,0,14,3,2,593.0,88.0,1139.0,8188.217993731343,ok,True,4.963738058082067,4.963738058082067,203.69055492684134,39.33818513078516,0.6594450731586505,1.941761972735236,False,0.08365059454834782,5.642666666666665,24.0,10.606831789016724,
2026-07-11-9.pdf,C208B-A,9,2026-07-11 15:17,1,14,3,2,593.0,88.0,1139.0,8188.217993731343,ok,True,4.970637822998414,4.970637822998414,203.79010731461818,39.4881134256298,0.5598926853818114,2.681079747040144,False,0.1225033488875718,5.322666666666665,29.0,10.373788833618164,
2026-07-11-9.pdf,C208B-A,9,2026-07-11 15:17,2,14,3,2,593.0,88.0,1139.0,8188.217993731343,ok,True,4.9563306295863,4.9563306295863,203.79430422150298,39.49443406852859,0.5556957784970109,1.938242145986834,False,0.06415538030319488,5.322666666666665,24.0,10.684172868728638,
2026-07-12-1.pdf,C208B-A,1,2026-07-12 09:38,0,17,4,0,627.0,88.0,1413.0,8826.492828955223,ok,True,3.231273018388162,3.231273018388162,203.77897490584772,39.47134774977067,0.5710250941522759,0.5641672206545252,False,0.04015713368071325,7.107999999999999,23.0,13.031337022781372,
2026-07-12-1.pdf,C208B-A,1,2026-07-12 09:38,1,17,4,0,627.0,88.0,1413.0,8826.492828955223,ok,True,3.238729859294751,3.238729859294751,203.58585330064557,39.18050195880357,0.764146699354427,0.2433073292451411,False,0.12140443366043359,7.107999999999999,25.0,11.419174671173096,
2026-07-12-1.pdf,C208B-A,1,2026-07-12 09:38,2,17,4,0,627.0,88.0,1413.0,8826.492828955223,ok,True,3.2385054701267717,3.2385054701267717,203.7898077245686,39.48766223579608,0.5601922754314046,0.10813646650120745,False,0.03069075857544629,7.107999999999999,21.0,11.140475034713745,
2026-07-12-2.pdf,C208B-A,2,2026-07-12 09:58,0,10,3,0,522.5,88.0,825.0,7425.519552537313,ok,True,7.068874704642932,7.068874704642932,203.82647307577272,39.542881138211946,0.5235269242272693,2.4165501102320093,False,0.17180076304889116,3.806666666666665,23.0,10.519035816192627,
2026-07-12-2.pdf,C208B-A,2,2026-07-12 09:58,1,10,3,0,522.5,88.0,825.0,7425.519552537313,ok,True,7.065799039172392,7.065799039172392,203.63218121306076,39.250272911236095,0.7178187869392332,2.457738937333062,False,0.151812685401848,3.183333333333335,22.0,10.713809728622437,
2026-07-12-2.pdf,C208B-A,2,2026-07-12 09:58,2,10,3,0,522.5,88.0,825.0,7425.519552537313,ok,True,7.061582552177468,7.061582552177468,203.79371702909395,39.493549742611386,0.5562829709060395,2.791416358037651,False,0.13552822378765442,2.8633333333333306,21.0,10.642754554748535,
2026-07-14-1.pdf,C208B-A,1,2026-07-14 08:09,0,15,5,0,1219.2,88.0,1232.0,9019.495414925372,ok,True,2.7051058826662993,2.7051058826662993,203.8477988352501,39.574998245858595,0.5022011647498914,0.00843482774607196,False,0.2994072666051425,5.524666666666666,23.0,11.576403617858887,
2026-07-14-1.pdf,C208B-A,1,2026-07-14 08:09,1,15,5,0,1219.2,88.0,1232.0,9019.495414925372,ok,True,2.689163915964553,2.689163915964553,203.77126879331257,39.45974215860328,0.5787312066874222,0.06079749719197025,False,0.24874976005868893,4.632,26.0,12.624627828598022,
2026-07-14-1.pdf,C208B-A,1,2026-07-14 08:09,2,15,5,0,1219.2,88.0,1232.0,9019.495414925372,ok,True,2.6916721577814084,2.6916721577814084,203.6303041366353,39.247445988908574,0.7196958633647057,0.05021613514918499,False,0.23045868008807854,3.9413333333333336,27.0,11.341506004333496,
2026-07-14-10.pdf,C208B-A,10,2026-07-14 14:37,0,17,7,0,783.7,88.0,1368.0,8883.929705074626,ok,True,3.066744436067768,3.066744436067768,203.84821910676075,39.575631184880656,0.5017808932392427,0.2860808237777803,False,0.1935242962366696,4.648666666666665,22.0,12.180227994918823,
2026-07-14-10.pdf,C208B-A,10,2026-07-14 14:37,1,17,7,0,783.7,88.0,1368.0,8883.929705074626,ok,True,3.0572439882433833,3.0572439882433833,203.5061765213366,39.06050680924189,0.8438234786633814,0.04998039766894635,False,0.23273481744702243,5.019333333333332,21.0,14.47795557975769,
2026-07-14-10.pdf,C208B-A,10,2026-07-14 14:37,2,17,7,0,783.7,88.0,1368.0,8883.929705074626,ok,True,3.0551744542827883,3.0551744542827883,203.83296267506273,39.55265463111858,0.5170373249372631,0.8835798446799004,False,0.14730766807416118,4.833999999999999,22.0,15.89674425125122,
2026-07-14-11.pdf,C208B-A,11,2026-07-14 15:06,0,17,6,0,679.2,88.0,1400.0,8849.811873432835,ok,True,3.174061792690812,3.174061792690812,203.6906772332455,39.33836932717698,0.6593227667544852,0.020478194433422914,False,0.2620633387240039,5.912000000000001,21.0,12.143767356872559,
2026-07-14-11.pdf,C208B-A,11,2026-07-14 15:06,1,17,6,0,679.2,88.0,1400.0,8849.811873432835,ok,True,3.1768307974205063,3.1768307974205063,203.7964773939088,39.49770691853734,0.5535226060912066,0.4863865510642995,False,0.1787041801017557,5.912000000000001,22.0,11.749215364456177,
2026-07-14-11.pdf,C208B-A,11,2026-07-14 15:06,2,17,6,0,679.2,88.0,1400.0,8849.811873432835,ok,True,3.1581052455778886,3.1581052455778886,203.59112575395412,39.18844240053331,0.7588742460458775,0.21122474968086635,False,0.5381178905583655,6.417333333333331,39.0,11.244678735733032,
2026-07-14-12.pdf,C208B-A,12,2026-07-14 15:28,0,17,6,0,574.7,88.0,1405.0,8756.620048059702,ok,True,3.4105017997476685,3.4105017997476685,203.71511775404653,39.37517734043153,0.6348822459534631,0.19945040298847516,False,0.2764205477424215,4.446666666666665,22.0,11.366869926452637,
2026-07-14-12.pdf,C208B-A,12,2026-07-14 15:28,1,17,6,0,574.7,88.0,1405.0,8756.620048059702,ok,True,3.4290653528584127,3.4290653528584127,203.80014839440545,39.50323553374316,0.5498516055945402,0.5314065494510487,False,0.17672757664843974,5.086666666666666,18.0,12.105364799499512,
2026-07-14-12.pdf,C208B-A,12,2026-07-14 15:28,2,17,6,0,574.7,88.0,1405.0,8756.620048059702,ok,True,3.416948743657824,3.416948743657824,203.05769922958626,38.38508920118414,1.292300770413732,0.09244275724392992,False,0.35638767950307154,5.591999999999999,17.0,12.743305683135986,
2026-07-14-13.pdf,C208B-A,13,2026-07-14 15:47,0,11,4,3,471.1,88.0,845.0,7418.041803283582,ok,True,7.0932005118595125,7.0932005118595125,203.307823919009,38.761783010555725,1.0421760809909983,2.8697183241763184,True,0.00037881175423778746,4.682666666666664,18.0,0.9418590068817139,
2026-07-14-13.pdf,C208B-A,13,2026-07-14 15:47,1,11,4,3,471.1,88.0,845.0,7418.041803283582,ok,True,7.085485817791544,7.085485817791544,203.69612646737806,39.34657600508745,0.6538735326219296,2.5521446693870757,True,0.007924653329729525,4.682666666666664,18.0,1.0749685764312744,
2026-07-14-13.pdf,C208B-A,13,2026-07-14 15:47,2,11,4,3,471.1,88.0,845.0,7418.041803283582,ok,True,7.086047949835316,7.086047949835316,203.76840230868288,39.455425163679045,0.5815976913171141,2.602171324656382,True,0.00933393671992624,4.935333333333332,23.0,1.3072152137756348,
2026-07-14-14.pdf,C208B-A,14,2026-07-14 17:13,0,13,5,0,609.6,88.0,1024.0,7951.235947462686,ok,True,5.60791763642263,5.60791763642263,203.83622298438507,39.5575647355197,0.5137770156149202,2.728413779459686,False,0.2108546034419373,4.261333333333334,24.0,11.116969347000122,
2026-07-14-14.pdf,C208B-A,14,2026-07-14 17:13,1,13,5,0,609.6,88.0,1024.0,7951.235947462686,ok,True,5.588595563021764,5.588595563021764,203.65028171547706,39.27753270403173,0.6997182845229304,2.7162983490449903,False,0.10645124195914962,4.193999999999997,22.0,10.64100956916809,
2026-07-14-14.pdf,C208B-A,14,2026-07-14 17:13,2,13,5,0,609.6,88.0,1024.0,7951.235947462686,ok,True,5.615392088908782,5.615392088908782,203.7371514987448,39.40836069088072,0.6128485012552005,2.336162316297333,False,0.18173369430299913,4.008666666666663,24.0,11.08741807937622,
2026-07-14-15.pdf,C208B-A,15,2026-07-14 17:38,0,16,6,0,505.1,88.0,1305.0,8466.596854029849,ok,True,4.216855316134071,4.216855316134071,203.7708518125475,39.45911417552336,0.5791481874524891,2.4695771039848466,False,0.16740194813835213,6.670000000000001,19.0,11.232075929641724,
2026-07-14-15.pdf,C208B-A,15,2026-07-14 17:38,1,16,6,0,505.1,88.0,1305.0,8466.596854029849,ok,True,4.218577319445335,4.218577319445335,203.7831314957888,39.47760767438074,0.5668685042111861,1.6194579286865576,False,0.1619948291900689,6.232,23.0,11.92237377166748,
2026-07-14-15.pdf,C208B-A,15,2026-07-14 17:38,2,16,6,0,505.1,88.0,1305.0,8466.596854029849,ok,True,4.208645197509448,4.208645197509448,203.6215681506732,39.23428938354398,0.728431849326796,2.10145566624567,False,0.18832587793297773,6.67,21.0,11.393917322158813,
2026-07-14-16.pdf,C208B-A,16,2026-07-14 18:37,0,12,5,0,400.6,88.0,963.0,7607.6765155223875,ok,True,6.568599956703894,6.568599956703894,203.6281146499672,39.2441485692277,0.7218853500328066,2.651561413074063,True,0.009901542785161088,4.564666666666665,21.0,9.614553451538086,
2026-07-14-16.pdf,C208B-A,16,2026-07-14 18:37,1,12,5,0,400.6,88.0,963.0,7607.6765155223875,ok,True,6.569073513461414,6.569073513461414,203.6322581167043,39.25038872997635,0.7177418832957017,3.1086948141055473,False,0.09203650728791979,4.3793333333333315,22.0,12.010463953018188,
2026-07-14-16.pdf,C208B-A,16,2026-07-14 18:37,2,12,5,0,400.6,88.0,963.0,7607.6765155223875,ok,True,6.543694865877626,6.543694865877626,203.78608677506756,39.48205839618609,0.5639132249324348,2.4722337214764707,False,0.08136283178633447,4.3793333333333315,22.0,10.975625991821289,
2026-07-14-2.pdf,C208B-A,2,2026-07-14 08:30,0,11,5,0,1114.7,88.0,899.0,8180.65994,ok,True,4.981981738191829,4.981981738191829,203.79406020633772,39.494066575809825,0.5559397936622759,2.7604001350569263,False,0.23405045655792586,3.435999999999999,23.0,10.670615196228027,
2026-07-14-2.pdf,C208B-A,2,2026-07-14 08:30,1,11,5,0,1114.7,88.0,899.0,8180.65994,ok,True,4.9988643019087515,4.9988643019087515,203.50057762646043,39.052074738645224,0.8494223735395678,2.917766761319996,False,0.2578532089686384,3.435999999999999,23.0,10.573265075683594,
2026-07-14-2.pdf,C208B-A,2,2026-07-14 08:30,2,11,5,0,1114.7,88.0,899.0,8180.65994,ok,True,4.979845806839669,4.979845806839669,203.6044828328973,39.20855848327908,0.7455171671026903,2.293669373801265,False,0.24650101970436422,4.126666666666668,20.0,10.890214920043945,
2026-07-14-3.pdf,C208B-A,3,2026-07-14 08:54,0,15,5,0,1010.2,88.0,1214.0,8771.11524,ok,True,3.3837303362798457,3.3837303362798457,203.45021249810958,38.9762236417313,0.8997875018904153,0.5787396221574852,False,0.260117061086894,4.075999999999999,24.0,10.498558044433594,
2026-07-14-3.pdf,C208B-A,3,2026-07-14 08:54,1,15,5,0,1010.2,88.0,1214.0,8771.11524,ok,True,3.3865484260492105,3.3865484260492105,203.6651346971522,39.299901652337674,0.6848653028477827,0.7524093264167959,False,0.22266435610137952,4.075999999999999,24.0,11.228809356689453,
2026-07-14-3.pdf,C208B-A,3,2026-07-14 08:54,2,15,5,0,1010.2,88.0,1214.0,8771.11524,ok,True,3.375462388439412,3.375462388439412,202.8240101267951,38.03314778131791,1.5259898732049066,1.3358600531919365,False,0.2972353184383485,5.019333333333333,27.0,13.11997389793396,
2026-07-14-4.pdf,C208B-A,4,2026-07-14 09:16,0,14,5,0,906.5,88.0,1139.0,8502.03888925373,ok,True,4.119901560337869,4.119901560337869,203.58186252281587,39.17449175122872,0.7681374771841263,2.952853970253983,False,0.18971207905512238,3.7559999999999967,25.0,11.653433322906494,
2026-07-14-4.pdf,C208B-A,4,2026-07-14 09:16,1,14,5,0,906.5,88.0,1139.0,8502.03888925373,ok,True,4.118516695251423,4.118516695251423,203.19795076761932,38.596311397017054,1.1520492323806764,2.796272628737313,False,0.24878182317236133,3.7559999999999967,25.0,11.569897413253784,
2026-07-14-4.pdf,C208B-A,4,2026-07-14 09:16,2,14,5,0,906.5,88.0,1139.0,8502.03888925373,ok,True,4.111653101845635,4.111653101845635,203.78507546466568,39.480535338351935,0.5649245353343133,2.168584246673987,False,0.22660685538254083,4.008666666666665,23.0,11.737576484680176,
2026-07-14-5.pdf,C208B-A,5,2026-07-14 10:10,0,17,4,0,802.9,88.0,1377.0,8922.684717910448,ok,True,2.9770779654727564,2.9770779654727564,203.6385721592158,39.259897830144304,0.7114278407841823,0.5138871462253292,False,0.18373788350381534,4.379333333333333,19.0,11.094415426254272,
2026-07-14-5.pdf,C208B-A,5,2026-07-14 10:10,1,17,4,0,802.9,88.0,1377.0,8922.684717910448,ok,True,2.9769415601690308,2.9769415601690308,203.66240797568156,39.29579514409875,0.6875920243184339,0.03835274643384423,False,0.24721576941078688,4.766666666666664,19.0,11.295429706573486,
2026-07-14-5.pdf,C208B-A,5,2026-07-14 10:10,2,17,4,0,802.9,88.0,1377.0,8922.684717910448,ok,True,2.977252452088512,2.977252452088512,203.57001538788148,39.15664968054441,0.7799846121185112,0.03226864350153846,False,0.3005656304534782,4.884666666666666,19.0,11.655193328857422,
2026-07-14-6.pdf,C208B-A,6,2026-07-14 10:34,0,18,5,0,699.3,88.0,1471.0,9026.739893432834,ok,True,2.67307044305411,2.67307044305411,203.64034977112814,39.26257495651829,0.7096502288718511,0.04557726171637455,False,0.3079152153427892,6.669999999999998,37.0,13.735296487808228,
2026-07-14-6.pdf,C208B-A,6,2026-07-14 10:34,1,18,5,0,699.3,88.0,1471.0,9026.739893432834,ok,True,2.6890343160001366,2.6890343160001366,203.52956567811327,39.095731442941684,0.8204343218867223,0.023816022568155404,False,0.316840760601109,6.788,37.0,12.487764358520508,
2026-07-14-6.pdf,C208B-A,6,2026-07-14 10:34,2,18,5,0,699.3,88.0,1471.0,9026.739893432834,ok,True,2.6753176387078694,2.6753176387078694,203.5789250012618,39.17006777298466,0.771074998738186,0.0900736581010051,False,0.3401493208649923,6.468000000000001,36.0,13.93334150314331,
2026-07-14-7.pdf,C208B-A,7,2026-07-14 11:00,0,16,6,1,595.7,88.0,1329.0,8609.75549522388,ok,True,3.8120634889745344,3.8120634889745344,203.6917333906234,39.33995992563765,0.6582666093765965,0.6776861915551251,False,0.19757642666302078,6.068,25.0,11.26803207397461,
2026-07-14-7.pdf,C208B-A,7,2026-07-14 11:00,1,16,6,1,595.7,88.0,1329.0,8609.75549522388,ok,True,3.8187309786185875,3.8187309786185875,203.80595844209424,39.511985605563616,0.5440415579057571,1.1477976404065373,False,0.10287926274482534,4.952,25.0,10.8441641330719,
2026-07-14-7.pdf,C208B-A,7,2026-07-14 11:00,2,16,6,1,595.7,88.0,1329.0,8609.75549522388,ok,True,3.8280781821877787,3.8280781821877787,203.68567771018257,39.330839924973766,0.6643222898174201,1.346386078470374,False,0.11213341851160458,4.952,22.0,11.508899211883545,
2026-07-14-8.pdf,C208B-A,8,2026-07-14 11:41,0,18,7,0,609.6,88.0,1471.0,8936.701087462687,ok,True,2.877292375535818,2.877292375535818,203.48995261792444,39.03607321976574,0.8600473820755496,0.083661682634812,False,0.2671145549554275,5.271999999999996,30.0,20.064610242843628,
2026-07-14-8.pdf,C208B-A,8,2026-07-14 11:41,1,18,7,0,609.6,88.0,1471.0,8936.701087462687,ok (groupes non ordonnes),True,2.920364552772863,2.920364552772863,203.4427192608753,38.96493864589654,0.9072807391247011,0.04593013061295892,False,0.3718414533532772,7.9840000000000035,19.0,24.447383165359497,
2026-07-14-8.pdf,C208B-A,8,2026-07-14 11:41,2,18,7,0,609.6,88.0,1471.0,8936.701087462687,ok,True,2.912565760455394,2.912565760455394,203.60232363748528,39.20530668295977,0.74767636251471,0.19173817892635725,False,0.296085250823639,5.406666666666667,28.0,14.44175100326538,
2026-07-14-9.pdf,C208B-A,9,2026-07-14 12:08,0,15,5,0,505.1,88.0,1279.0,8409.27673402985,ok,True,4.341111800255777,4.341111800255777,203.82615948788043,39.542408867289815,0.5238405121195626,2.090360301924875,False,0.187207879578647,3.6213333333333324,23.0,10.971170902252197,
2026-07-14-9.pdf,C208B-A,9,2026-07-14 12:08,1,15,5,0,505.1,88.0,1279.0,8409.27673402985,ok,True,4.342655720464444,4.342655720464444,203.7828823738585,39.47723249075078,0.5671176261414814,1.83573543401792,False,0.1496184479803576,4.3793333333333315,24.0,11.44834017753601,
2026-07-14-9.pdf,C208B-A,9,2026-07-14 12:08,2,15,5,0,505.1,88.0,1279.0,8409.27673402985,ok,True,4.368148931444839,4.368148931444839,203.54799756496237,39.12349030867828,0.8020024350376218,1.8667215024823918,False,0.18570080118472182,3.1833333333333327,28.0,11.346251726150513,
2026-07-15-1.pdf,C208B-B,1,2026-07-15 09:17,0,14,5,0,696.7,88.0,1150.0,8412.418067462686,ok,True,4.365753031050572,4.365753031050572,203.58188777780651,39.17452978585319,0.76811222219348,2.1793951857895593,False,0.21743364761610431,4.193999999999998,16.0,11.358169555664062,
2026-07-15-1.pdf,C208B-B,1,2026-07-15 09:17,1,14,5,0,696.7,88.0,1150.0,8412.418067462686,ok,True,4.349316503908801,4.349316503908801,203.81353874392934,39.52340172278516,0.5364612560706519,1.890887298501866,False,0.2358690391667863,4.6320000000000014,19.0,11.53586196899414,
2026-07-15-1.pdf,C208B-B,1,2026-07-15 09:17,2,14,5,0,696.7,88.0,1150.0,8412.418067462686,ok,True,4.348663519461001,4.348663519461001,203.7986402158254,39.500964180459945,0.5513597841745934,2.104510090420291,False,0.16956496764613765,3.755999999999999,18.0,11.617438077926636,
2026-07-15-2.pdf,C208B-B,2,2026-07-15 09:36,0,9,3,0,592.2,88.0,690.0,7293.55555402985,ok,True,7.432533246131865,7.432533246131865,203.72975666120706,39.39722388736004,0.6202433387929318,3.2646642880002332,True,0.0008615821311898922,1.7179999999999973,9.0,4.749736547470093,
2026-07-15-2.pdf,C208B-B,2,2026-07-15 09:36,1,9,3,0,592.2,88.0,690.0,7293.55555402985,ok,True,7.4330079733711925,7.4330079733711925,203.81535894301754,39.52614298647221,0.5346410569824513,3.6877411590596125,True,0.009894253335618393,1.9033333333333304,8.0,3.3514957427978516,
2026-07-15-2.pdf,C208B-B,2,2026-07-15 09:36,2,9,3,0,592.2,88.0,690.0,7293.55555402985,ok,True,7.4182795323465545,7.4182795323465545,203.60042408352464,39.20244590892266,0.7495759164753508,3.7635827419586008,True,0.005557635269239301,1.7179999999999973,8.0,3.831393241882324,
2026-07-15-3.pdf,C208B-B,3,2026-07-15 10:44,0,14,5,0,488.5,88.0,1137.0,8175.450544776119,ok,True,5.009791835969692,5.009791835969692,203.72260463970557,39.386452770640915,0.6273953602944289,2.0145755855864707,False,0.2842847005405615,3.7560000000000016,22.0,11.191813945770264,
2026-07-15-3.pdf,C208B-B,3,2026-07-15 10:44,1,14,5,0,488.5,88.0,1137.0,8175.450544776119,ok,True,5.005461490793095,5.005461490793095,203.4752747389832,39.01396798039637,0.8747252610168061,1.1387382676264224,False,0.30117791508184766,4.008666666666665,23.0,11.097384929656982,
2026-07-15-3.pdf,C208B-B,3,2026-07-15 10:44,2,14,5,0,488.5,88.0,1137.0,8175.450544776119,ok,True,5.006065536866473,5.006065536866473,203.35876395930407,38.83849993871096,0.9912360406959237,2.4087473359573153,False,0.2522016372023836,3.9413333333333327,25.0,10.621344566345215,
2026-07-15-4.pdf,C208B-B,4,2026-07-15 11:04,0,9,3,0,384.9,88.0,729.0,7172.329763880597,ok,True,7.768938198506182,7.768938198506182,202.99492423911346,38.29054855288172,1.3550757608865354,3.8763570125142053,True,0.008720593978606762,1.9033333333333327,11.0,6.555908918380737,
2026-07-15-4.pdf,C208B-B,4,2026-07-15 11:04,1,9,3,0,384.9,88.0,729.0,7172.329763880597,ok,True,7.768982162755117,7.768982162755117,203.82515563023753,39.54089703349026,0.5248443697624623,2.836700109385248,True,0.007773710709054062,1.9033333333333304,8.0,2.183919668197632,
2026-07-15-4.pdf,C208B-B,4,2026-07-15 11:04,2,9,3,0,384.9,88.0,729.0,7172.329763880597,ok,True,7.769319848366188,7.769319848366188,203.67461161636473,39.31417412103123,0.6753883836352657,3.635366607203764,True,0.005497552134907197,2.0380000000000016,9.0,3.963569402694702,
2026-07-15-5.pdf,C208B-B,5,2026-07-15 11:34,0,14,3,0,281.3,88.0,1137.0,7968.158007462686,ok,True,5.576273265147728,5.576273265147728,203.79553092214562,39.496281509255454,0.5544690778543782,2.900444536530358,True,0.009987528336105205,1.9033333333333304,14.0,7.16485857963562,
2026-07-15-5.pdf,C208B-B,5,2026-07-15 11:34,1,14,3,0,281.3,88.0,1137.0,7968.158007462686,ok,True,5.5683745479568305,5.5683745479568305,203.81772655262895,39.52970866359783,0.5322734473710398,2.5137502040058166,True,0.00908974789600525,1.9033333333333304,11.0,5.938167095184326,
2026-07-15-5.pdf,C208B-B,5,2026-07-15 11:34,2,14,3,0,281.3,88.0,1137.0,7968.158007462686,ok,True,5.57834747856413,5.57834747856413,203.81324001707603,39.52295183294583,0.536759982923968,2.6842594345498583,True,0.009538731220760656,1.465333333333331,14.0,5.01266884803772,
2026-07-15-6.pdf,C208B-B,6,2026-07-15 15:09,0,12,5,0,696.7,88.0,978.0,8033.223427462686,ok,True,5.373034408988654,5.373034408988654,203.7587823104743,39.440937214569715,0.5912176895257062,2.716526191253024,False,0.2052001590767948,3.3686666666666634,16.0,11.230589151382446,
2026-07-15-6.pdf,C208B-B,6,2026-07-15 15:09,1,12,5,0,696.7,88.0,978.0,8033.223427462686,ok,True,5.399919262041659,5.399919262041659,203.7378599968068,39.40942770603435,0.6121400031931898,2.776812502208969,False,0.1762241635180935,3.3686666666666634,16.0,10.813315629959106,
2026-07-15-6.pdf,C208B-B,6,2026-07-15 15:09,2,12,5,0,696.7,88.0,978.0,8033.223427462686,ok,True,5.3983270270810415,5.3983270270810415,203.50948104857164,39.065483506885016,0.8405189514283506,2.661408937066284,False,0.2432110308605681,3.3686666666666634,16.0,11.233704805374146,
2026-07-15-7.pdf,C208B-B,7,2026-07-15 15:33,0,16,4,1,592.2,88.0,1243.0,8512.71041402985,ok,True,4.07857793500136,4.07857793500136,203.81626442275527,39.52750666077601,0.5337355772447268,0.298029519987665,True,0.002010241065452288,2.9813333333333336,7.0,0.6623530387878418,
2026-07-15-7.pdf,C208B-B,7,2026-07-15 15:33,1,16,4,1,592.2,88.0,1243.0,8512.71041402985,ok,True,4.069349101240209,4.069349101240209,203.69330039475753,39.34231987162279,0.6566996052424656,0.45350780344986674,True,0.009401448795086698,2.914,13.0,5.663036108016968,
2026-07-15-7.pdf,C208B-B,7,2026-07-15 15:33,2,16,4,1,592.2,88.0,1243.0,8512.71041402985,ok,True,4.092884533678909,4.092884533678909,203.75824518964396,39.44012829765657,0.5917548103560364,0.0939826063990381,True,0.008040617617880557,2.914,10.0,3.561734676361084,
2026-07-15-8.pdf,C208B-B,8,2026-07-15 17:03,0,13,4,0,488.5,88.0,1116.0,8129.153524776119,ok,True,5.131925566798336,5.131925566798336,203.76860129937216,39.455724848452064,0.5813987006278296,2.5370929078870006,False,0.12295451467704309,2.3579999999999997,20.0,10.876885414123535,
2026-07-15-8.pdf,C208B-B,8,2026-07-15 17:03,1,13,4,0,488.5,88.0,1116.0,8129.153524776119,ok,True,5.1375894231146955,5.1375894231146955,203.84060720389883,39.564167475751255,0.5093927961011673,2.501912886869974,False,0.1672355345017692,2.7959999999999994,20.0,10.91733694076538,
2026-07-15-8.pdf,C208B-B,8,2026-07-15 17:03,2,13,4,0,488.5,88.0,1116.0,8129.153524776119,ok,True,5.127043210585373,5.127043210585373,203.8355825318347,39.55660019854623,0.5144174681653055,2.452711421561503,False,0.15190489994748016,2.3579999999999997,20.0,11.155239343643188,
2026-07-15-9.pdf,C208B-B,9,2026-07-15 17:31,0,12,4,0,384.9,88.0,1026.0,7827.101903880597,ok,True,5.957037048490357,5.957037048490357,203.65053057904782,39.27790749856601,0.6994694209521697,3.3172205603204077,True,0.00990240156229365,3.166666666666668,19.0,9.899041175842285,
2026-07-15-9.pdf,C208B-B,9,2026-07-15 17:31,1,12,4,0,384.9,88.0,1026.0,7827.101903880597,ok,True,5.9643981154297565,5.9643981154297565,203.80129595690488,39.504963790519405,0.548704043095114,2.6636175936156974,False,0.13090238280008126,2.7286666666666655,21.0,10.596698999404907,
2026-07-15-9.pdf,C208B-B,9,2026-07-15 17:31,2,12,4,0,384.9,88.0,1026.0,7827.101903880597,ok,True,5.962837519446026,5.962837519446026,203.5268280124825,39.09160845253389,0.8231719875174974,3.563534965794531,False,0.18590195498718687,3.166666666666668,19.0,10.578099489212036,
2026-07-16-1.pdf,C208B-B,1,2026-07-16 14:32,0,16,4,0,1027.4,88.0,1319.0,9115.80034,ECHEC MTOW : masse au decollage 9116 lbs > MTOW 9062 (depassement 25 kg),,,,,,,,,,,,0.00036454200744628906,
2026-07-16-1.pdf,C208B-B,1,2026-07-16 14:32,1,16,4,0,1027.4,88.0,1319.0,9115.80034,ECHEC MTOW : masse au decollage 9116 lbs > MTOW 9062 (depassement 24 kg),,,,,,,,,,,,0.0002913475036621094,
2026-07-16-1.pdf,C208B-B,1,2026-07-16 14:32,2,16,4,0,1027.4,88.0,1319.0,9115.80034,ECHEC MTOW : masse au decollage 9115 lbs > MTOW 9062 (depassement 24 kg),,,,,,,,,,,,0.0003619194030761719,
2026-07-16-2.pdf,C208B-B,2,2026-07-16 16:07,0,14,4,0,923.7,88.0,1143.0,8623.80065283582,ok,True,3.787834793721566,3.787834793721566,203.8434709393094,39.56848033028527,0.5065290606905819,0.7287772907917258,False,0.08092573871195946,3.18333333333333,17.0,11.157544136047363,
2026-07-16-2.pdf,C208B-B,2,2026-07-16 16:07,1,14,4,0,923.7,88.0,1143.0,8623.80065283582,ok,True,3.769825943586843,3.769825943586843,203.37988824642326,38.87031362413143,0.970111753576731,0.6118336204221464,False,0.16466227752939333,3.1159999999999966,22.0,10.627121448516846,
2026-07-16-2.pdf,C208B-B,2,2026-07-16 16:07,2,14,4,0,923.7,88.0,1143.0,8623.80065283582,ok,True,3.784272721778499,3.784272721778499,203.82958352331332,39.54756554715862,0.5204164766866768,0.897961798888872,False,0.15182915729014151,3.553999999999996,20.0,11.29964017868042,
2026-07-16-3.pdf,C208B-B,3,2026-07-16 16:20,0,6,2,0,820.1,88.0,466.0,7027.699778507462,ok,True,8.162796690437794,8.162796690437794,201.50371302634468,36.044748533651635,2.8462869736553102,5.50989352696422,True,0.008425970504186846,1.3979999999999972,3.0,0.5259990692138672,
2026-07-16-3.pdf,C208B-B,3,2026-07-16 16:20,1,6,2,0,820.1,88.0,466.0,7027.699778507462,ok,True,8.154906420930654,8.154906420930654,201.4741284981775,36.000193521351655,2.875871501822502,5.80862978439518,True,0.009405343389374161,1.3979999999999972,3.0,0.7714495658874512,
2026-07-16-3.pdf,C208B-B,3,2026-07-16 16:20,2,6,2,0,820.1,88.0,466.0,7027.699778507462,ok,True,8.161285094512035,8.161285094512035,201.13815763220464,35.494213301513014,3.211842367795356,5.950780942126272,True,0.007971280561209604,1.3979999999999972,3.0,0.5155563354492188,
2026-07-16-4.pdf,C208B-B,4,2026-07-16 18:09,0,14,3,0,716.5,88.0,1145.0,8421.102430149254,ok,True,4.344062988692339,4.344062988692339,203.84490156852078,39.57063489235058,0.5050984314792117,1.6645464488599373,True,0.009678122769222097,1.9033333333333304,12.0,6.971487998962402,
2026-07-16-4.pdf,C208B-B,4,2026-07-16 18:09,1,14,3,0,716.5,88.0,1145.0,8421.102430149254,ok,True,4.334148037493349,4.334148037493349,203.78371362649574,39.47848437725263,0.5662863735042549,1.1408016819017632,True,0.009878870413183949,1.9033333333333304,14.0,7.022485017776489,
2026-07-16-4.pdf,C208B-B,4,2026-07-16 18:09,2,14,3,0,716.5,88.0,1145.0,8421.102430149254,ok,True,4.340784279356717,4.340784279356717,203.33859793625228,38.8081294220667,1.0114020637477097,1.9119971995261267,True,0.009935510387394032,1.9033333333333304,12.0,6.22842812538147,
2026-07-17-1.pdf,C208B-A,1,2026-07-17 17:21,0,11,5,1,522.5,88.0,932.0,7661.413892537313,ok,True,6.420346012573773,6.420346012573773,203.81772788819896,39.52971067499844,0.532272111801035,3.0195715295780587,False,0.1580327010760095,4.631999999999998,23.0,10.394021034240723,
2026-07-17-1.pdf,C208B-A,1,2026-07-17 17:21,1,11,5,1,522.5,88.0,932.0,7661.413892537313,ok,True,6.418739539212171,6.418739539212171,203.7337519715308,39.40324092098014,0.6162480284691867,2.3966677376647283,False,0.13853659123538278,3.688666666666663,22.0,10.56045389175415,
2026-07-17-1.pdf,C208B-A,1,2026-07-17 17:21,2,11,5,1,522.5,88.0,932.0,7661.413892537313,ok,True,6.412245316282595,6.412245316282595,203.83039099844922,39.548781624170516,0.5196090015507764,2.8896399970338678,False,0.042217212281535035,3.5539999999999967,27.0,10.532673597335815,
2026-07-18-1.pdf,C208B-A,1,2026-07-18 09:31,0,16,3,0,1132.1,100.0,1306.0,9121.79572,ECHEC MTOW : masse au decollage 9122 lbs > MTOW 9062 (depassement 27 kg),,,,,,,,,,,,0.0002982616424560547,
2026-07-18-1.pdf,C208B-A,1,2026-07-18 09:31,1,16,3,0,1132.1,100.0,1306.0,9121.79572,ECHEC MTOW : masse au decollage 9122 lbs > MTOW 9062 (depassement 27 kg),,,,,,,,,,,,0.00044465065002441406,
2026-07-18-1.pdf,C208B-A,1,2026-07-18 09:31,2,16,3,0,1132.1,100.0,1306.0,9121.79572,ECHEC MTOW : masse au decollage 9122 lbs > MTOW 9062 (depassement 27 kg),,,,,,,,,,,,0.00038313865661621094,
2026-07-18-10.pdf,C208B-A,10,2026-07-18 15:42,0,17,5,1,1080.7,100.0,1393.0,9262.19766,ECHEC MTOW : masse au decollage 9262 lbs > MTOW 9062 (depassement 91 kg),,,,,,,,,,,,0.00037479400634765625,
2026-07-18-10.pdf,C208B-A,10,2026-07-18 15:42,1,17,5,1,1080.7,100.0,1393.0,9262.19766,ECHEC MTOW : masse au decollage 9263 lbs > MTOW 9062 (depassement 91 kg),,,,,,,,,,,,0.00040602684020996094,
2026-07-18-10.pdf,C208B-A,10,2026-07-18 15:42,2,17,5,1,1080.7,100.0,1393.0,9262.19766,ECHEC MTOW : masse au decollage 9262 lbs > MTOW 9062 (depassement 91 kg),,,,,,,,,,,,0.00045800209045410156,
2026-07-18-11.pdf,C208B-A,11,2026-07-18 16:23,0,18,5,2,977.1,80.0,1447.0,9234.05474,ECHEC MTOW : masse au decollage 9234 lbs > MTOW 9062 (depassement 78 kg),,,,,,,,,,,,0.0004050731658935547,
2026-07-18-11.pdf,C208B-A,11,2026-07-18 16:23,1,18,5,2,977.1,80.0,1447.0,9234.05474,ECHEC MTOW : masse au decollage 9234 lbs > MTOW 9062 (depassement 78 kg),,,,,,,,,,,,0.00032639503479003906,
2026-07-18-11.pdf,C208B-A,11,2026-07-18 16:23,2,18,5,2,977.1,80.0,1447.0,9234.05474,ECHEC MTOW : masse au decollage 9234 lbs > MTOW 9062 (depassement 78 kg),,,,,,,,,,,,0.00039577484130859375,
2026-07-18-12.pdf,C208B-A,12,2026-07-18 16:38,0,17,5,1,873.5,80.0,1348.0,8911.734673432835,ok,True,2.978533476328732,2.978533476328732,203.30473328140553,38.75712843585171,1.045266718594462,0.2353214531831327,False,0.23477869070661092,5.962666666666664,22.0,10.98073673248291,
2026-07-18-12.pdf,C208B-A,12,2026-07-18 16:38,1,17,5,1,873.5,80.0,1348.0,8911.734673432835,ok,True,3.000218868584494,3.000218868584494,203.0363822172277,38.35298526690919,1.3136177827722975,0.14866101345546667,False,0.25902211008434717,5.591999999999998,23.0,11.48265814781189,
2026-07-18-12.pdf,C208B-A,12,2026-07-18 16:38,2,17,5,1,873.5,80.0,1348.0,8911.734673432835,ok,True,3.0081555626941716,3.0081555626941716,203.65641023734995,39.286762405647515,0.6935897626500491,0.7269843030939853,False,0.3048492845699052,5.591999999999998,23.0,10.924265384674072,
2026-07-18-13.pdf,C208B-A,13,2026-07-18 17:12,0,18,7,1,769.9,80.0,1453.0,9040.073504776119,ok (groupes non ordonnes),True,2.6585681874976945,-0.15868608472326012,203.66560821997248,39.30061478911519,0.6843917800275108,0.018691461208334204,False,0.4149112973025317,10.881333333333336,28.0,12.663975238800049,
2026-07-18-13.pdf,C208B-A,13,2026-07-18 17:12,1,18,7,1,769.9,80.0,1453.0,9040.073504776119,ok,True,0.3430004885144674,0.3430004885144674,204.0069995114855,39.81475830042998,0.34300048851449105,0.0982594118292468,True,0.008878593974295402,7.028000000000002,34.0,7.321075916290283,
2026-07-18-13.pdf,C208B-A,13,2026-07-18 17:12,2,18,7,1,769.9,80.0,1453.0,9040.073504776119,ok (groupes non ordonnes),True,2.651833329811728,-1.9858161673230899,203.53751556578774,39.107704165342994,0.8124844342122515,0.39406633860843954,False,0.37547717231317546,11.15066666666667,27.0,15.1014084815979,
2026-07-18-14.pdf,C208B-A,14,2026-07-18 17:33,0,15,5,1,666.2,80.0,1209.0,8398.011896417911,ok,True,4.403038652690441,4.403038652690441,203.0242731986367,38.334748793127574,1.3257268013632881,2.2339180982483526,False,0.2275871693971973,4.817333333333334,28.0,10.71709156036377,
2026-07-18-14.pdf,C208B-A,14,2026-07-18 17:33,1,15,5,1,666.2,80.0,1209.0,8398.011896417911,ok,True,4.402849640526709,4.402849640526709,203.73405412622455,39.40369597322975,0.6159458737754449,0.6768231409775467,False,0.18697587456625697,3.688666666666665,24.0,10.65361213684082,
2026-07-18-14.pdf,C208B-A,14,2026-07-18 17:33,2,15,5,1,666.2,80.0,1209.0,8398.011896417911,ok,True,4.379097374051792,4.379097374051792,203.78352106457194,39.47819437435534,0.5664789354280515,2.7213873365986103,False,0.15642677820920506,4.817333333333334,28.0,10.816978931427002,
2026-07-18-15.pdf,C208B-A,15,2026-07-18 18:44,0,16,7,1,923.1,60.0,1348.0,8917.427348059702,ok,True,1.8529380868656338,1.8529380868656338,203.62772034547692,39.24355473716404,0.7222796545230779,0.03084708954961002,False,0.07633799017690376,6.41733333333333,28.0,12.151756763458252,
2026-07-18-15.pdf,C208B-A,15,2026-07-18 18:44,1,16,7,1,923.1,60.0,1348.0,8917.427348059702,ok,True,1.7802366729415018,1.7802366729415018,203.7261609376777,39.391808641080864,0.623839062322304,0.12014005884452672,True,0.00994418195996991,6.41733333333333,28.0,10.150135040283203,
2026-07-18-15.pdf,C208B-A,15,2026-07-18 18:44,2,16,7,1,923.1,60.0,1348.0,8917.427348059702,ok,True,1.854428594009844,1.854428594009844,203.6657693472003,39.30085745060286,0.6842306527996982,0.017164927799683483,False,0.185496265230011,6.41733333333333,28.0,15.34743881225586,
2026-07-18-16.pdf,C208B-A,16,2026-07-18 19:07,0,16,5,2,818.6,60.0,1239.0,8572.619290447761,ok,True,3.9261533689235333,3.9261533689235333,203.7862232830841,39.482263980548346,0.5637767169158963,2.134733140434946,True,0.009062727938606423,4.446666666666666,21.0,9.722929239273071,
2026-07-18-16.pdf,C208B-A,16,2026-07-18 19:07,1,16,5,2,818.6,60.0,1239.0,8572.619290447761,ok,True,3.9320407712821805,3.9320407712821805,203.55910933564442,39.14022490307896,0.7908906643555724,1.0895626746402627,True,0.009866588847185545,4.446666666666666,15.0,6.477351427078247,
2026-07-18-16.pdf,C208B-A,16,2026-07-18 19:07,2,16,5,2,818.6,60.0,1239.0,8572.619290447761,ok,True,3.9296084668033475,3.9296084668033475,203.79932616591586,39.501997237825094,0.5506738340841366,1.6494850001287489,True,0.009848069774876258,4.446666666666666,19.0,8.763039588928223,
2026-07-18-17.pdf,C208B-A,17,2026-07-18 19:31,0,9,4,0,715.0,60.0,710.0,7302.885758208956,ok,True,7.407256028072528,7.407256028072528,203.78199280720906,39.47589278194137,0.5680071927909296,2.523881589182878,True,0.009991040240245835,3.048666666666668,17.0,8.3288733959198,
2026-07-18-17.pdf,C208B-A,17,2026-07-18 19:31,1,9,4,0,715.0,60.0,710.0,7302.885758208956,ok,True,7.408408578012867,7.408408578012867,203.69846820479898,39.350102718070765,0.6515317952010093,2.4990151788780395,True,0.009708292582504547,3.048666666666668,17.0,7.214756965637207,
2026-07-18-17.pdf,C208B-A,17,2026-07-18 19:31,2,9,4,0,715.0,60.0,710.0,7302.885758208956,ok,True,7.4056869197186845,7.4056869197186845,203.7195115367444,39.381794483048786,0.6304884632556025,2.52459474740985,True,0.009824197012541456,2.863333333333335,18.0,7.5781660079956055,
2026-07-18-2.pdf,C208B-A,2,2026-07-18 09:57,0,17,4,0,1028.5,100.0,1473.0,9386.867259999999,ECHEC MTOW : masse au decollage 9387 lbs > MTOW 9062 (depassement 147 kg),,,,,,,,,,,,0.0003573894500732422,
2026-07-18-2.pdf,C208B-A,2,2026-07-18 09:57,1,17,4,0,1028.5,100.0,1473.0,9386.867259999999,ECHEC MTOW : masse au decollage 9387 lbs > MTOW 9062 (depassement 147 kg),,,,,,,,,,,,0.00029850006103515625,
2026-07-18-2.pdf,C208B-A,2,2026-07-18 09:57,2,17,4,0,1028.5,100.0,1473.0,9386.867259999999,ECHEC MTOW : masse au decollage 9387 lbs > MTOW 9062 (depassement 147 kg),,,,,,,,,,,,0.0003917217254638672,
2026-07-18-3.pdf,C208B-A,3,2026-07-18 10:22,0,17,7,2,924.8,100.0,1359.0,9031.537594925372,ok,True,2.6696118040406933,2.6696118040406933,203.46453587026625,38.99779498534074,0.885464129733748,0.02298435457026926,False,0.1811821730578264,6.1480000000000015,25.0,10.94035291671753,
2026-07-18-3.pdf,C208B-A,3,2026-07-18 10:22,1,17,7,2,924.8,100.0,1359.0,9031.537594925372,ok,True,2.6652366774420178,2.6652366774420178,203.76473448243655,39.44990132897072,0.5852655175634425,0.007975341747936682,False,0.2230093610205582,5.777333333333333,32.0,10.527340650558472,
2026-07-18-3.pdf,C208B-A,3,2026-07-18 10:22,2,17,7,2,924.8,100.0,1359.0,9031.537594925372,ok,True,2.681168163858391,2.681168163858391,203.67427488836307,39.3136670005468,0.6757251116369218,0.0692692489908211,False,0.23055716396212994,4.884666666666668,33.0,11.308423280715942,
2026-07-18-4.pdf,C208B-A,4,2026-07-18 10:44,0,18,6,2,821.2,100.0,1470.0,9172.710116417911,ECHEC MTOW : masse au decollage 9173 lbs > MTOW 9062 (depassement 50 kg),,,,,,,,,,,,0.00043392181396484375,
2026-07-18-4.pdf,C208B-A,4,2026-07-18 10:44,1,18,6,2,821.2,100.0,1470.0,9172.710116417911,ECHEC MTOW : masse au decollage 9173 lbs > MTOW 9062 (depassement 50 kg),,,,,,,,,,,,0.00021314620971679688,
2026-07-18-4.pdf,C208B-A,4,2026-07-18 10:44,2,18,6,2,821.2,100.0,1470.0,9172.710116417911,ECHEC MTOW : masse au decollage 9173 lbs > MTOW 9062 (depassement 50 kg),,,,,,,,,,,,0.0002105236053466797,
2026-07-18-5.pdf,C208B-A,5,2026-07-18 11:09,0,18,3,1,717.6,100.0,1486.0,9104.416872238806,ECHEC MTOW : masse au decollage 9104 lbs > MTOW 9062 (depassement 19 kg),,,,,,,,,,,,0.00020933151245117188,
2026-07-18-5.pdf,C208B-A,5,2026-07-18 11:09,1,18,3,1,717.6,100.0,1486.0,9104.416872238806,ECHEC MTOW : masse au decollage 9104 lbs > MTOW 9062 (depassement 19 kg),,,,,,,,,,,,0.00021505355834960938,
2026-07-18-5.pdf,C208B-A,5,2026-07-18 11:09,2,18,3,1,717.6,100.0,1486.0,9104.416872238806,ECHEC MTOW : masse au decollage 9104 lbs > MTOW 9062 (depassement 19 kg),,,,,,,,,,,,0.00020623207092285156,
2026-07-18-6.pdf,C208B-A,6,2026-07-18 11:48,0,17,6,2,614.0,100.0,1486.0,9000.691499104478,ok,True,1.8100262238807574,1.8100262238807574,203.33576606054962,38.80386454902051,1.0142339394503779,0.0622507369748746,False,0.1728325278020266,4.699333333333331,39.0,14.570733070373535,
2026-07-18-6.pdf,C208B-A,6,2026-07-18 11:48,1,17,6,2,614.0,100.0,1486.0,9000.691499104478,ok,True,2.7620649273089652,2.7620649273089652,203.65050439777903,39.27786806894433,0.6994956022209635,0.29355049209803497,False,0.23422230805967018,4.884666666666663,37.0,10.812078475952148,
2026-07-18-6.pdf,C208B-A,6,2026-07-18 11:48,2,17,6,2,614.0,100.0,1486.0,9000.691499104478,ok,True,2.7439251976941295,2.7439251976941295,203.8421509782253,39.56649243708631,0.5078490217746889,0.3521783154579907,False,0.2391843628791118,5.5753333333333295,32.0,13.784348726272583,
2026-07-18-7.pdf,C208B-A,7,2026-07-18 11:58,0,19,6,2,510.4,100.0,1439.0,8793.692269552239,ok,True,3.3257714499091744,3.3257714499091744,203.71728125808986,39.3784356296534,0.6327187419101392,0.05520136912261364,False,0.07870858428673294,5.895333333333336,37.0,10.443753242492676,
2026-07-18-7.pdf,C208B-A,7,2026-07-18 11:58,1,19,6,2,510.4,100.0,1439.0,8793.692269552239,ok,True,3.30116762988424,3.30116762988424,203.47813167040366,39.01827058795732,0.8718683295963388,0.20247307680290305,True,0.009784676339727983,5.709999999999999,37.0,8.36376166343689,
2026-07-18-7.pdf,C208B-A,7,2026-07-18 11:58,2,19,6,2,510.4,100.0,1439.0,8793.692269552239,ok,True,3.306148150018782,3.306148150018782,203.71092118441527,39.36885720544469,0.6390788155847247,0.0588378750570655,False,0.11761272301049158,5.389999999999997,41.0,11.45769715309143,
2026-07-18-8.pdf,C208B-A,8,2026-07-18 14:47,0,15,5,1,1288.8,100.0,1255.0,9166.295920895522,ECHEC MTOW : masse au decollage 9167 lbs > MTOW 9062 (depassement 48 kg),,,,,,,,,,,,0.00038814544677734375,
2026-07-18-8.pdf,C208B-A,8,2026-07-18 14:47,1,15,5,1,1288.8,100.0,1255.0,9166.295920895522,ECHEC MTOW : masse au decollage 9166 lbs > MTOW 9062 (depassement 47 kg),,,,,,,,,,,,0.0003790855407714844,
2026-07-18-8.pdf,C208B-A,8,2026-07-18 14:47,2,15,5,1,1288.8,100.0,1255.0,9166.295920895522,ECHEC MTOW : masse au decollage 9166 lbs > MTOW 9062 (depassement 47 kg),,,,,,,,,,,,0.0003597736358642578,
2026-07-18-9.pdf,C208B-A,9,2026-07-18 15:11,0,15,6,1,1184.3,100.0,1233.0,9013.382340597014,ok,True,2.7283366874766743,2.7283366874766743,203.79401911940923,39.494004697905474,0.5559808805907664,0.12542634766666083,True,0.009957849639852558,5.339333333333331,30.0,9.626059293746948,
2026-07-18-9.pdf,C208B-A,9,2026-07-18 15:11,1,15,6,1,1184.3,100.0,1233.0,9013.382340597014,ok,True,2.7207720917464013,2.7207720917464013,203.83671397842534,39.558304184375515,0.5132860215746575,0.018712422893912617,True,0.009836344608314243,6.349999999999998,22.0,7.660901308059692,
2026-07-18-9.pdf,C208B-A,9,2026-07-18 15:11,2,15,6,1,1184.3,100.0,1233.0,9013.382340597014,ok,True,2.727144175299083,2.727144175299083,203.68329356202167,39.3272493403941,0.6667064379783199,0.02704948786214345,True,0.009998609593039656,6.669999999999998,21.0,10.884175300598145,
2026-07-19-1.pdf,C208B-A,1,2026-07-19 09:29,0,16,6,0,1306.2,100.0,1300.0,9283.163522388058,ECHEC MTOW : masse au decollage 9283 lbs > MTOW 9062 (depassement 100 kg),,,,,,,,,,,,0.0003933906555175781,
2026-07-19-1.pdf,C208B-A,1,2026-07-19 09:29,1,16,6,0,1306.2,100.0,1300.0,9283.163522388058,ECHEC MTOW : masse au decollage 9283 lbs > MTOW 9062 (depassement 100 kg),,,,,,,,,,,,0.0004305839538574219,
2026-07-19-1.pdf,C208B-A,1,2026-07-19 09:29,2,16,6,0,1306.2,100.0,1300.0,9283.163522388058,ECHEC MTOW : masse au decollage 9283 lbs > MTOW 9062 (depassement 100 kg),,,,,,,,,,,,0.0003905296325683594,
2026-07-19-10.pdf,C208B-A,10,2026-07-19 15:26,0,16,5,2,1010.2,100.0,1257.0,8892.369340000001,ok,True,3.0568598986292765,3.0568598986292765,203.6768612395072,39.31756210769156,0.6731387604928045,0.020830787973608267,True,0.009916284642109294,6.215333333333332,17.0,10.376702070236206,
2026-07-19-10.pdf,C208B-A,10,2026-07-19 15:26,1,16,5,2,1010.2,100.0,1257.0,8892.369340000001,ok,True,3.0552465452860127,3.0552465452860127,203.6494001914936,39.27620510767111,0.7005998085063823,0.07209545722949429,True,0.009421321300193247,5.45733333333333,19.0,8.905720233917236,
2026-07-19-10.pdf,C208B-A,10,2026-07-19 15:26,2,16,5,2,1010.2,100.0,1257.0,8892.369340000001,ok,True,3.0606871038076897,3.0606871038076897,203.8177458447284,39.52973771796445,0.5322541552716018,0.13185499279308033,False,0.06949062673069953,5.45733333333333,20.0,11.092275142669678,
2026-07-19-11.pdf,C208B-A,11,2026-07-19 15:56,0,17,5,0,906.5,100.0,1403.0,9110.514009253731,ECHEC MTOW : masse au decollage 9111 lbs > MTOW 9062 (depassement 22 kg),,,,,,,,,,,,0.00043010711669921875,
2026-07-19-11.pdf,C208B-A,11,2026-07-19 15:56,1,17,5,0,906.5,100.0,1403.0,9110.514009253731,ECHEC MTOW : masse au decollage 9110 lbs > MTOW 9062 (depassement 22 kg),,,,,,,,,,,,0.00039505958557128906,
2026-07-19-11.pdf,C208B-A,11,2026-07-19 15:56,2,17,5,0,906.5,100.0,1403.0,9110.514009253731,ECHEC MTOW : masse au decollage 9111 lbs > MTOW 9062 (depassement 22 kg),,,,,,,,,,,,0.002908945083618164,
2026-07-19-12.pdf,C208B-A,12,2026-07-19 16:21,0,15,5,1,802.9,100.0,1174.0,8501.602297910447,ok,True,4.102054510854112,4.102054510854112,203.75374066831372,39.43334437999056,0.5962593316862694,1.5974360335061135,False,0.14371535685737896,4.834000000000001,24.0,10.809552431106567,
2026-07-19-12.pdf,C208B-A,12,2026-07-19 16:21,1,15,5,1,802.9,100.0,1174.0,8501.602297910447,ok,True,4.102225056326268,4.102225056326268,203.84607220628126,39.57239790102601,0.5039277937187308,1.7101482922485047,False,0.16020817135894258,4.834000000000001,24.0,10.899974584579468,
2026-07-19-12.pdf,C208B-A,12,2026-07-19 16:21,2,15,5,1,802.9,100.0,1174.0,8501.602297910447,ok,True,4.1243480411577895,4.1243480411577895,203.75641803147747,39.43737655342993,0.5935819685225283,2.2346617789086736,False,0.11135788464003271,5.019333333333329,21.0,10.737323999404907,
2026-07-19-13.pdf,C208B-A,13,2026-07-19 16:50,0,18,5,2,696.7,100.0,1509.0,9134.332087462688,ECHEC MTOW : masse au decollage 9134 lbs > MTOW 9062 (depassement 33 kg),,,,,,,,,,,,0.00034427642822265625,
2026-07-19-13.pdf,C208B-A,13,2026-07-19 16:50,1,18,5,2,696.7,100.0,1509.0,9134.332087462688,ECHEC MTOW : masse au decollage 9134 lbs > MTOW 9062 (depassement 33 kg),,,,,,,,,,,,0.00031876564025878906,
2026-07-19-13.pdf,C208B-A,13,2026-07-19 16:50,2,18,5,2,696.7,100.0,1509.0,9134.332087462688,ECHEC MTOW : masse au decollage 9135 lbs > MTOW 9062 (depassement 33 kg),,,,,,,,,,,,0.00037789344787597656,
2026-07-19-14.pdf,C208B-A,14,2026-07-19 17:19,0,11,3,0,593.0,100.0,976.0,7855.320373731343,ok,True,5.835845193541379,5.835845193541379,203.45037193202617,38.97646375305147,0.899628067973822,2.9384279653985743,False,0.12934232840289386,2.5433333333333303,26.0,10.146260738372803,
2026-07-19-14.pdf,C208B-A,14,2026-07-19 17:19,1,11,3,0,593.0,100.0,976.0,7855.320373731343,ok,True,5.887834744825672,5.887834744825672,203.7512419109767,39.42958119122996,0.5987580890233062,2.886287871093373,False,0.1300674294867514,2.5433333333333303,28.0,10.76337456703186,
2026-07-19-14.pdf,C208B-A,14,2026-07-19 17:19,2,11,3,0,593.0,100.0,976.0,7855.320373731343,ok,True,5.886636068236125,5.886636068236125,203.83512669805773,39.555913701894184,0.5148733019422593,2.342893197718581,False,0.054818790080403544,2.7959999999999994,28.0,10.173961639404297,
2026-07-19-2.pdf,C208B-A,2,2026-07-19 09:56,0,16,5,0,1201.7,100.0,1322.0,9226.733819104478,ECHEC MTOW : masse au decollage 9227 lbs > MTOW 9062 (depassement 75 kg),,,,,,,,,,,,0.0004000663757324219,
2026-07-19-2.pdf,C208B-A,2,2026-07-19 09:56,1,16,5,0,1201.7,100.0,1322.0,9226.733819104478,ECHEC MTOW : masse au decollage 9227 lbs > MTOW 9062 (depassement 75 kg),,,,,,,,,,,,0.00038623809814453125,
2026-07-19-2.pdf,C208B-A,2,2026-07-19 09:56,2,16,5,0,1201.7,100.0,1322.0,9226.733819104478,ECHEC MTOW : masse au decollage 9227 lbs > MTOW 9062 (depassement 75 kg),,,,,,,,,,,,0.0003535747528076172,
2026-07-19-3.pdf,C208B-A,3,2026-07-19 10:21,0,15,7,0,1098.1,100.0,1242.0,8946.70004,ok,True,2.9032096043138877,2.9032096043138877,203.81344729814774,39.52326400323455,0.5365527018522585,0.3288448464299165,False,0.27920616765493456,5.019333333333331,23.0,11.52578330039978,
2026-07-19-3.pdf,C208B-A,3,2026-07-19 10:21,1,15,7,0,1098.1,100.0,1242.0,8946.70004,ok,True,2.907338628071504,2.907338628071504,203.640351041843,39.262576870245475,0.709648958157004,0.2844697431989971,False,0.27308049013115415,5.204666666666665,24.0,11.844950675964355,
2026-07-19-3.pdf,C208B-A,3,2026-07-19 10:21,2,15,7,0,1098.1,100.0,1242.0,8946.70004,ok,True,2.8913681522132677,2.8913681522132677,203.66490164370828,39.29955066823536,0.6850983562917179,0.3574683372124241,False,0.2364543552989613,5.019333333333331,23.0,11.707987785339355,
2026-07-19-4.pdf,C208B-A,4,2026-07-19 10:42,0,15,6,0,994.5,100.0,1145.0,8629.7519,ok,True,3.771251168888199,3.771251168888199,203.71940522508336,39.38163437512556,0.6305947749166307,1.6624099623466009,False,0.23850629971236506,5.086666666666665,25.0,12.71403169631958,
2026-07-19-4.pdf,C208B-A,4,2026-07-19 10:42,1,15,6,0,994.5,100.0,1145.0,8629.7519,ok,True,3.7608229027902187,3.7608229027902187,203.5591204379709,39.14024162345016,0.7908795620290903,1.6824444213235665,False,0.18167454255361776,5.086666666666666,22.0,13.234563827514648,
2026-07-19-4.pdf,C208B-A,4,2026-07-19 10:42,2,15,6,0,994.5,100.0,1145.0,8629.7519,ok,True,3.7707329826731812,3.7707329826731812,203.62903559297334,39.24553553158636,0.7209644070266563,2.21117939110232,False,0.1524803661366817,5.086666666666666,22.0,13.680801391601562,
2026-07-19-5.pdf,C208B-A,5,2026-07-19 11:09,0,17,5,2,890.9,100.0,1388.0,9061.671574925373,ok,True,1.5694814419795216,1.5694814419795216,203.74657221944688,39.42254852326337,0.603427780553119,0.002761560132540808,False,0.03371617988102726,8.594666666666667,43.0,12.202815294265747,
2026-07-19-5.pdf,C208B-A,5,2026-07-19 11:09,1,17,5,2,890.9,100.0,1388.0,9061.671574925373,ok,True,2.1530975290245773,2.1530975290245773,203.58415703585817,39.1779473431599,0.7658429641418252,0.06078639081877668,True,0.008629317091891863,6.215333333333337,37.0,4.9268577098846436,
2026-07-19-5.pdf,C208B-A,5,2026-07-19 11:09,2,17,5,2,890.9,100.0,1388.0,9061.671574925373,ok,True,2.185766386250884,2.185766386250884,203.4326047845819,38.94970600087638,0.9173952154180824,0.48231330798105887,False,0.05949443990317645,7.478666666666667,43.0,11.063939809799194,
2026-07-19-6.pdf,C208B-A,6,2026-07-19 11:40,0,17,6,2,787.3,100.0,1393.0,8969.046913731343,ok,True,2.8468286028134324,2.8468286028134324,203.73410850831746,39.40377787397209,0.6158914916825324,0.13694225233268753,False,0.3246432515011567,6.09733333333333,32.0,11.110032558441162,
2026-07-19-6.pdf,C208B-A,6,2026-07-19 11:40,1,17,6,2,787.3,100.0,1393.0,8969.046913731343,ok,True,2.84204257651479,2.84204257651479,203.62717236359538,39.24272946324606,0.7228276364046167,0.012705705036125892,False,0.41228923863542244,5.709999999999997,37.0,11.592569589614868,
2026-07-19-6.pdf,C208B-A,6,2026-07-19 11:40,2,17,6,2,787.3,100.0,1393.0,8969.046913731343,ok,True,2.8476800533212847,2.8476800533212847,203.54390807781743,39.117331442496145,0.80609192218256,0.018118045508600744,False,0.21477492034745282,6.787999999999998,27.0,11.490365743637085,
2026-07-19-7.pdf,C208B-A,7,2026-07-19 12:07,0,18,7,1,683.7,100.0,1469.0,9032.95325761194,ok (groupes non ordonnes),True,2.6781886416132106,2.6781886416132106,203.77589841513438,39.46671448062407,0.5741015848656161,0.029021216864009602,False,0.33388382587604487,11.268666666666668,34.0,10.845601320266724,
2026-07-19-7.pdf,C208B-A,7,2026-07-19 12:07,1,18,7,1,683.7,100.0,1469.0,9032.95325761194,ok (groupes non ordonnes),True,2.6740012778120015,2.6740012778120015,202.23357246601188,37.14393443676489,2.116427533988116,0.06363851050468838,False,0.2768075800475413,11.083333333333334,35.0,10.403407335281372,
2026-07-19-7.pdf,C208B-A,7,2026-07-19 12:07,2,18,7,1,683.7,100.0,1469.0,9032.95325761194,ok (groupes non ordonnes),True,2.677842070019111,2.677842070019111,203.8433204842493,39.5682537413393,0.5066795157507045,0.33051151288577785,False,0.2913417321100382,10.123333333333335,33.0,10.717856884002686,
2026-07-19-8.pdf,C208B-A,8,2026-07-19 14:30,0,15,5,0,1219.2,100.0,1179.0,8929.105994925372,ok,True,2.9615773984998293,2.9615773984998293,203.80162144738696,39.50545398702857,0.5483785526130305,0.5471060137186328,False,0.07729817098614156,3.3686666666666656,18.0,10.873929500579834,
2026-07-19-8.pdf,C208B-A,8,2026-07-19 14:30,1,15,5,0,1219.2,100.0,1179.0,8929.105994925372,ok,True,2.9475348663039718,2.9475348663039718,203.71120678680018,39.36928732951834,0.6387932131998184,0.11060092971101199,False,0.1389766013915693,3.3686666666666656,20.0,11.444055795669556,
2026-07-19-8.pdf,C208B-A,8,2026-07-19 14:30,2,15,5,0,1219.2,100.0,1179.0,8929.105994925372,ok,True,2.9601467561456096,2.9601467561456096,203.77321159309207,39.46266806188566,0.576788406907923,0.38554065403243953,False,0.15640285133044485,3.3686666666666656,22.0,11.48764967918396,
2026-07-19-9.pdf,C208B-A,9,2026-07-19 14:56,0,17,4,0,1114.7,100.0,1440.0,9399.8148,ECHEC MTOW : masse au decollage 9400 lbs > MTOW 9062 (depassement 153 kg),,,,,,,,,,,,0.00038552284240722656,
2026-07-19-9.pdf,C208B-A,9,2026-07-19 14:56,1,17,4,0,1114.7,100.0,1440.0,9399.8148,ECHEC MTOW : masse au decollage 9400 lbs > MTOW 9062 (depassement 153 kg),,,,,,,,,,,,0.00038313865661621094,
2026-07-19-9.pdf,C208B-A,9,2026-07-19 14:56,2,17,4,0,1114.7,100.0,1440.0,9399.8148,ECHEC MTOW : masse au decollage 9400 lbs > MTOW 9062 (depassement 153 kg),,,,,,,,,,,,0.0003981590270996094,
2026-07-20-1.pdf,C208B-A,1,2026-07-20 08:30,0,16,5,0,1027.4,88.0,1381.0,9156.48678,ECHEC MTOW : masse au decollage 9157 lbs > MTOW 9062 (depassement 43 kg),,,,,,,,,,,,0.00039267539978027344,
2026-07-20-1.pdf,C208B-A,1,2026-07-20 08:30,1,16,5,0,1027.4,88.0,1381.0,9156.48678,ECHEC MTOW : masse au decollage 9156 lbs > MTOW 9062 (depassement 43 kg),,,,,,,,,,,,0.00037670135498046875,
2026-07-20-1.pdf,C208B-A,1,2026-07-20 08:30,2,16,5,0,1027.4,88.0,1381.0,9156.48678,ECHEC MTOW : masse au decollage 9156 lbs > MTOW 9062 (depassement 43 kg),,,,,,,,,,,,0.0003819465637207031,
2026-07-20-10.pdf,C208B-A,10,2026-07-20 12:06,0,19,5,0,348.3,88.0,1583.0,8922.418527462687,ok,True,2.9775428734513896,2.9775428734513896,203.38054849973628,38.87130798153054,0.9694515002637161,0.07912486929646434,False,0.123896818292593,5.844666666666665,31.0,11.485615968704224,
2026-07-20-10.pdf,C208B-A,10,2026-07-20 12:06,1,19,5,0,348.3,88.0,1583.0,8922.418527462687,ok,True,2.9759892865352664,2.9759892865352664,203.8257884319111,39.541850048058876,0.5242115680889015,0.025275925641068397,False,0.13507088430989972,6.029999999999999,36.0,11.728533744812012,
2026-07-20-10.pdf,C208B-A,10,2026-07-20 12:06,2,19,5,0,348.3,88.0,1583.0,8922.418527462687,ok,True,2.9795986432342714,2.9795986432342714,203.78962733134816,39.487390559259275,0.5603726686518371,0.4603142963427729,False,0.1524822784642635,5.844666666666665,32.0,12.27695631980896,
2026-07-20-11.pdf,C208B-A,11,2026-07-20 12:29,0,10,4,0,244.7,88.0,782.0,7053.067161194029,ok,True,8.091076156794559,8.091076156794559,203.690902309345,39.338708297206345,0.6590976906549884,3.642565631392017,False,0.2689285589556675,4.379333333333336,21.0,10.839953422546387,
2026-07-20-11.pdf,C208B-A,11,2026-07-20 12:29,1,10,4,0,244.7,88.0,782.0,7053.067161194029,ok,True,8.094361610891914,8.094361610891914,203.8052187442864,39.51087160284098,0.5447812557135876,2.6982937874383595,False,0.22458390579058352,3.8740000000000028,19.0,10.555690288543701,
2026-07-20-11.pdf,C208B-A,11,2026-07-20 12:29,2,10,4,0,244.7,88.0,782.0,7053.067161194029,ok,True,8.085427107349142,8.085427107349142,203.78402572904702,39.4789544112154,0.565974270952978,3.152035083352928,False,0.22692550198733874,2.6779999999999973,20.0,10.90617036819458,
2026-07-20-12.pdf,C208B-A,12,2026-07-20 12:49,0,15,5,0,1027.4,88.0,1204.0,8766.26904,ok,True,3.4015424586844967,3.4015424586844967,203.67197389604465,39.310201650669654,0.6780261039553466,0.7754989659212868,False,0.1970179909720062,3.8233333333333306,23.0,11.609058618545532,
2026-07-20-12.pdf,C208B-A,12,2026-07-20 12:49,1,15,5,0,1027.4,88.0,1204.0,8766.26904,ok,True,3.3968102357136623,3.3968102357136623,203.8178616776526,39.52991216513945,0.5321383223474072,1.145640533282375,False,0.11308823471466631,3.8233333333333306,22.0,11.637678146362305,
2026-07-20-12.pdf,C208B-A,12,2026-07-20 12:49,2,15,5,0,1027.4,88.0,1204.0,8766.26904,ok,True,3.401877738524388,3.401877738524388,203.72541600768338,39.39068675855931,0.6245839923166159,0.3232737861503665,False,0.16133441327900044,4.008666666666665,27.0,11.460996866226196,
2026-07-20-13.pdf,C208B-A,13,2026-07-20 14:54,0,20,8,0,609.6,88.0,1650.0,9331.328067462686,ECHEC MTOW : masse au decollage 9331 lbs > MTOW 9062 (depassement 122 kg),,,,,,,,,,,,0.00021338462829589844,
2026-07-20-13.pdf,C208B-A,13,2026-07-20 14:54,1,20,8,0,609.6,88.0,1650.0,9331.328067462686,ECHEC MTOW : masse au decollage 9332 lbs > MTOW 9062 (depassement 122 kg),,,,,,,,,,,,0.00020956993103027344,
2026-07-20-13.pdf,C208B-A,13,2026-07-20 14:54,2,20,8,0,609.6,88.0,1650.0,9331.328067462686,ECHEC MTOW : masse au decollage 9332 lbs > MTOW 9062 (depassement 122 kg),,,,,,,,,,,,0.00020456314086914062,
2026-07-20-14.pdf,C208B-A,14,2026-07-20 15:24,0,20,6,0,505.1,88.0,1632.0,9187.50759402985,ECHEC MTOW : masse au decollage 9187 lbs > MTOW 9062 (depassement 57 kg),,,,,,,,,,,,0.0002257823944091797,
2026-07-20-14.pdf,C208B-A,14,2026-07-20 15:24,1,20,6,0,505.1,88.0,1632.0,9187.50759402985,ECHEC MTOW : masse au decollage 9188 lbs > MTOW 9062 (depassement 57 kg),,,,,,,,,,,,0.00020694732666015625,
2026-07-20-14.pdf,C208B-A,14,2026-07-20 15:24,2,20,6,0,505.1,88.0,1632.0,9187.50759402985,ECHEC MTOW : masse au decollage 9188 lbs > MTOW 9062 (depassement 57 kg),,,,,,,,,,,,0.00020885467529296875,
2026-07-20-15.pdf,C208B-A,15,2026-07-20 15:49,0,20,6,0,400.6,88.0,1580.0,8967.927055522388,ok,True,2.829433073658681,2.829433073658681,202.45672790648044,37.48001190735006,1.8932720935195562,0.14413423763406286,False,0.17905211500218865,6.320666666666665,35.0,12.161793231964111,
2026-07-20-15.pdf,C208B-A,15,2026-07-20 15:49,1,20,6,0,400.6,88.0,1580.0,8967.927055522388,ok,True,2.616656702026132,2.616656702026132,202.9421765506471,38.211109263022756,1.4078234493528896,0.02639563575479542,False,0.19816643304211526,6.320666666666665,33.0,17.138671159744263,
2026-07-20-15.pdf,C208B-A,15,2026-07-20 15:49,2,20,6,0,400.6,88.0,1580.0,8967.927055522388,ok,True,2.8533838769336937,2.8533838769336937,203.26968873591417,38.704350505894844,1.0803112640858217,0.006621327511993513,False,0.20399065197116759,5.8446666666666625,34.0,12.4458589553833,
2026-07-20-2.pdf,C208B-A,2,2026-07-20 08:54,0,16,5,0,923.7,88.0,1304.0,8882.74447283582,ok,True,3.086336238701402,3.086336238701402,203.6884297980263,39.33498463558179,0.6615702019736887,0.07749658044141938,False,0.25202756853161246,6.669999999999997,21.0,11.424051523208618,
2026-07-20-2.pdf,C208B-A,2,2026-07-20 08:54,1,16,5,0,923.7,88.0,1304.0,8882.74447283582,ok,True,3.0846105909580404,3.0846105909580404,203.77334568616396,39.46287000928309,0.5766543138360305,0.07172198884748582,False,0.2601098016693243,6.669999999999997,21.0,11.932943105697632,
2026-07-20-2.pdf,C208B-A,2,2026-07-20 08:54,2,16,5,0,923.7,88.0,1304.0,8882.74447283582,ok,True,3.0733240564236666,3.0733240564236666,203.79294245846395,39.492383220578255,0.5570575415360395,0.5065165468677719,False,0.25723662381042023,6.669999999999997,22.0,13.214862823486328,
2026-07-20-3.pdf,C208B-A,3,2026-07-20 09:24,0,13,4,0,820.1,88.0,1030.0,8175.105458507462,ok,True,5.01167495591956,5.01167495591956,203.83729902962574,39.55918528558094,0.5127009703742544,2.5982455919679524,False,0.10809597146572253,3.6886666666666637,24.0,11.236290454864502,
2026-07-20-3.pdf,C208B-A,3,2026-07-20 09:24,1,13,4,0,820.1,88.0,1030.0,8175.105458507462,ok,True,5.006504561471651,5.006504561471651,203.6085872680293,39.21473986148993,0.7414127319706836,2.617493293858246,False,0.2557962166196368,3.6886666666666637,26.0,10.852800607681274,
2026-07-20-3.pdf,C208B-A,3,2026-07-20 09:24,2,13,4,0,820.1,88.0,1030.0,8175.105458507462,ok,True,5.0056051921086215,5.0056051921086215,203.84212520283924,39.5664536187338,0.5078747971607527,2.1179813847374476,False,0.2414041799787245,5.895333333333335,26.0,10.676328182220459,
2026-07-20-4.pdf,C208B-A,4,2026-07-20 09:46,0,14,5,0,716.5,88.0,1142.0,8318.488570149253,ok,True,4.618229216073124,4.618229216073124,203.64035858057585,39.26258822375882,0.7096414194241447,2.155765678977815,False,0.2272353160877977,5.457333333333331,28.0,11.200016975402832,
2026-07-20-4.pdf,C208B-A,4,2026-07-20 09:46,1,14,5,0,716.5,88.0,1142.0,8318.488570149253,ok,True,4.603805109640608,4.603805109640608,203.79817230870165,39.50025950105671,0.5518276912983424,1.9391274633012472,False,0.182510840113052,5.1373333333333315,28.0,10.822776556015015,
2026-07-20-4.pdf,C208B-A,4,2026-07-20 09:46,2,14,5,0,716.5,88.0,1142.0,8318.488570149253,ok,True,4.619362291484867,4.619362291484867,203.70526396807733,39.360337301321294,0.6447360319226618,2.4447880545223484,False,0.2090250983991886,5.2046666666666646,25.0,11.346930027008057,
2026-07-20-5.pdf,C208B-A,5,2026-07-20 10:04,0,14,5,0,612.9,88.0,1179.0,8296.30130119403,ok,True,4.679536336065785,4.679536336065785,203.4602406323042,38.99132625347018,0.8897593676958024,2.2565882728073916,False,0.19338375948858091,5.406666666666665,28.0,11.500324249267578,
2026-07-20-5.pdf,C208B-A,5,2026-07-20 10:04,1,14,5,0,612.9,88.0,1179.0,8296.30130119403,ok,True,4.655005768012435,4.655005768012435,203.79605501442364,39.497070804854886,0.5539449855763507,2.054832115259046,False,0.17287601933566252,5.844666666666667,24.0,11.058825254440308,
2026-07-20-5.pdf,C208B-A,5,2026-07-20 10:04,2,14,5,0,612.9,88.0,1179.0,8296.30130119403,ok,True,4.665234766908829,4.665234766908829,203.75822958670236,39.44010479925054,0.5917704132976382,1.9068098274036345,False,0.18191774333778096,5.592,29.0,12.693562030792236,
2026-07-20-6.pdf,C208B-A,6,2026-07-20 10:30,0,16,5,0,509.3,88.0,1343.0,8554.509727462686,ok,True,3.9801183417105457,3.9801183417105457,203.81787953141477,39.52993905333551,0.5321204685852194,1.7110520751884337,False,0.09988503080609004,4.396000000000001,23.0,11.940749645233154,
2026-07-20-6.pdf,C208B-A,6,2026-07-20 10:30,1,16,5,0,509.3,88.0,1343.0,8554.509727462686,ok,True,3.9743102064624263,3.9743102064624263,203.6744546489183,39.31393772427455,0.6755453510816949,1.0584101969406845,False,0.11469012969558134,4.396000000000001,25.0,11.095468282699585,
2026-07-20-6.pdf,C208B-A,6,2026-07-20 10:30,2,16,5,0,509.3,88.0,1343.0,8554.509727462686,ok,True,3.9750260074272536,3.9750260074272536,203.53723754395727,39.10728545776699,0.8127624560427194,0.7967434664940356,False,0.2935254272732068,6.030000000000001,28.0,11.674008846282959,
2026-07-20-7.pdf,C208B-A,7,2026-07-20 10:49,0,17,6,0,405.7,88.0,1369.0,8507.886563880596,ok,True,2.393855174751811,2.393855174751811,203.77738409357215,39.46895194815084,0.572615906427842,0.9829727671464639,False,0.17463793754515322,6.231999999999996,21.0,12.898509979248047,
2026-07-20-7.pdf,C208B-A,7,2026-07-20 10:49,1,17,6,0,405.7,88.0,1369.0,8507.886563880596,ok,True,2.6010759071972496,2.6010759071972496,203.31644460450752,38.77476597064387,1.0335553954924706,0.7181105988877619,True,0.009688466997982358,6.417333333333329,19.0,11.262120962142944,
2026-07-20-7.pdf,C208B-A,7,2026-07-20 10:49,2,17,6,0,405.7,88.0,1369.0,8507.886563880596,ok,True,2.588501625522792,2.588501625522792,203.47682041163617,39.016295800656884,0.8731795883638256,0.7671949364295472,False,0.24060028791378327,6.417333333333329,19.0,14.364330530166626,
2026-07-20-8.pdf,C208B-A,8,2026-07-20 11:13,0,12,5,1,302.0,88.0,960.0,7502.934297313433,ok,True,6.849150017178946,6.849150017178946,203.7775191151622,39.46915529391897,0.5724808848378018,3.1941895853306335,True,0.009612165977093712,4.699333333333334,23.0,9.051839113235474,
2026-07-20-8.pdf,C208B-A,8,2026-07-20 11:13,1,12,5,1,302.0,88.0,960.0,7502.934297313433,ok,True,6.820286240439267,6.820286240439267,203.68465308024344,39.32929680759554,0.6653469197565585,2.857162226608125,True,0.009960719063565245,4.699333333333334,23.0,6.287297487258911,
2026-07-20-8.pdf,C208B-A,8,2026-07-20 11:13,2,12,5,1,302.0,88.0,960.0,7502.934297313433,ok,True,6.856294173761627,6.856294173761627,203.8039973391806,39.50903213732018,0.5460026608193971,2.684713976635294,True,0.009733358310188884,3.6886666666666637,24.0,9.960094928741455,
2026-07-20-9.pdf,C208B-A,9,2026-07-20 11:43,0,18,7,0,198.4,88.0,1516.0,8624.64928597015,ok,True,3.2520166816167424,3.2520166816167424,202.5553283992087,37.6285066253143,1.794671600791304,1.4929526511938889,False,0.5484763375687725,6.5520000000000005,46.0,13.6315279006958,
2026-07-20-9.pdf,C208B-A,9,2026-07-20 11:43,1,18,7,0,198.4,88.0,1516.0,8624.64928597015,ok,True,2.8229410921831124,2.8229410921831124,203.53783590562634,39.10818660485894,0.8121640943736566,0.010679580165486868,False,0.28081751186088544,8.320666666666664,19.0,14.881720066070557,
2026-07-20-9.pdf,C208B-A,9,2026-07-20 11:43,2,18,7,0,198.4,88.0,1516.0,8624.64928597015,ok,True,2.601445912159308,2.601445912159308,203.69015539312122,39.337583423375335,0.659844606878778,2.1452844875825576,False,0.5077180012755598,6.5520000000000005,46.0,14.072007417678833,
2026-07-21-1.pdf,C208B-A,1,2026-07-21 07:55,0,18,6,0,1027.4,88.0,1518.0,9458.51972,ECHEC MTOW : masse au decollage 9459 lbs > MTOW 9062 (depassement 180 kg),,,,,,,,,,,,0.00022912025451660156,
2026-07-21-1.pdf,C208B-A,1,2026-07-21 07:55,1,18,6,0,1027.4,88.0,1518.0,9458.51972,ECHEC MTOW : masse au decollage 9459 lbs > MTOW 9062 (depassement 180 kg),,,,,,,,,,,,0.00020551681518554688,
2026-07-21-1.pdf,C208B-A,1,2026-07-21 07:55,2,18,6,0,1027.4,88.0,1518.0,9458.51972,ECHEC MTOW : masse au decollage 9458 lbs > MTOW 9062 (depassement 180 kg),,,,,,,,,,,,0.0002067089080810547,
2026-07-21-10.pdf,C208B-A,10,2026-07-21 12:13,0,20,7,0,923.7,88.0,1666.0,9680.81691283582,ECHEC MTOW : masse au decollage 9681 lbs > MTOW 9062 (depassement 281 kg),,,,,,,,,,,,0.0002086162567138672,
2026-07-21-10.pdf,C208B-A,10,2026-07-21 12:13,1,20,7,0,923.7,88.0,1666.0,9680.81691283582,ECHEC MTOW : masse au decollage 9681 lbs > MTOW 9062 (depassement 281 kg),,,,,,,,,,,,0.0002465248107910156,
2026-07-21-10.pdf,C208B-A,10,2026-07-21 12:13,2,20,7,0,923.7,88.0,1666.0,9680.81691283582,ECHEC MTOW : masse au decollage 9681 lbs > MTOW 9062 (depassement 281 kg),,,,,,,,,,,,0.0002110004425048828,
2026-07-21-11.pdf,C208B-A,11,2026-07-21 12:41,0,20,8,0,820.1,88.0,1633.0,9504.491318507462,ECHEC MTOW : masse au decollage 9505 lbs > MTOW 9062 (depassement 201 kg),,,,,,,,,,,,0.0002129077911376953,
2026-07-21-11.pdf,C208B-A,11,2026-07-21 12:41,1,20,8,0,820.1,88.0,1633.0,9504.491318507462,ECHEC MTOW : masse au decollage 9505 lbs > MTOW 9062 (depassement 201 kg),,,,,,,,,,,,0.0002105236053466797,
2026-07-21-11.pdf,C208B-A,11,2026-07-21 12:41,2,20,8,0,820.1,88.0,1633.0,9504.491318507462,ECHEC MTOW : masse au decollage 9504 lbs > MTOW 9062 (depassement 201 kg),,,,,,,,,,,,0.0002071857452392578,
2026-07-21-12.pdf,C208B-A,12,2026-07-21 15:04,0,20,5,0,716.5,88.0,1643.0,9423.003190149253,ECHEC MTOW : masse au decollage 9423 lbs > MTOW 9062 (depassement 164 kg),,,,,,,,,,,,0.00020766258239746094,
2026-07-21-12.pdf,C208B-A,12,2026-07-21 15:04,1,20,5,0,716.5,88.0,1643.0,9423.003190149253,ECHEC MTOW : masse au decollage 9423 lbs > MTOW 9062 (depassement 164 kg),,,,,,,,,,,,0.0002079010009765625,
2026-07-21-12.pdf,C208B-A,12,2026-07-21 15:04,2,20,5,0,716.5,88.0,1643.0,9423.003190149253,ECHEC MTOW : masse au decollage 9423 lbs > MTOW 9062 (depassement 164 kg),,,,,,,,,,,,0.0002090930938720703,
2026-07-21-13.pdf,C208B-A,13,2026-07-21 15:34,0,20,7,0,612.9,88.0,1624.0,9277.357201194029,ECHEC MTOW : masse au decollage 9277 lbs > MTOW 9062 (depassement 98 kg),,,,,,,,,,,,0.00021982192993164062,
2026-07-21-13.pdf,C208B-A,13,2026-07-21 15:34,1,20,7,0,612.9,88.0,1624.0,9277.357201194029,ECHEC MTOW : masse au decollage 9278 lbs > MTOW 9062 (depassement 98 kg),,,,,,,,,,,,0.0002110004425048828,
2026-07-21-13.pdf,C208B-A,13,2026-07-21 15:34,2,20,7,0,612.9,88.0,1624.0,9277.357201194029,ECHEC MTOW : masse au decollage 9277 lbs > MTOW 9062 (depassement 97 kg),,,,,,,,,,,,0.0002052783966064453,
2026-07-21-14.pdf,C208B-A,14,2026-07-21 16:03,0,20,6,0,509.3,88.0,1645.0,9220.304967462685,ECHEC MTOW : masse au decollage 9221 lbs > MTOW 9062 (depassement 72 kg),,,,,,,,,,,,0.00022029876708984375,
2026-07-21-14.pdf,C208B-A,14,2026-07-21 16:03,1,20,6,0,509.3,88.0,1645.0,9220.304967462685,ECHEC MTOW : masse au decollage 9220 lbs > MTOW 9062 (depassement 72 kg),,,,,,,,,,,,0.0002079010009765625,
2026-07-21-14.pdf,C208B-A,14,2026-07-21 16:03,2,20,6,0,509.3,88.0,1645.0,9220.304967462685,ECHEC MTOW : masse au decollage 9220 lbs > MTOW 9062 (depassement 72 kg),,,,,,,,,,,,0.00021338462829589844,
2026-07-21-15.pdf,C208B-A,15,2026-07-21 16:28,0,20,8,0,405.7,88.0,1662.0,9153.840223880596,ECHEC MTOW : masse au decollage 9154 lbs > MTOW 9062 (depassement 42 kg),,,,,,,,,,,,0.0002040863037109375,
2026-07-21-15.pdf,C208B-A,15,2026-07-21 16:28,1,20,8,0,405.7,88.0,1662.0,9153.840223880596,ECHEC MTOW : masse au decollage 9154 lbs > MTOW 9062 (depassement 42 kg),,,,,,,,,,,,0.00020575523376464844,
2026-07-21-15.pdf,C208B-A,15,2026-07-21 16:28,2,20,8,0,405.7,88.0,1662.0,9153.840223880596,ECHEC MTOW : masse au decollage 9154 lbs > MTOW 9062 (depassement 42 kg),,,,,,,,,,,,0.00020813941955566406,
2026-07-21-2.pdf,C208B-A,2,2026-07-21 08:23,0,17,7,0,923.7,88.0,1366.0,9019.430912835822,ok (groupes non ordonnes),True,2.6918959837638288,-1.1589386266258708,203.836959235712,39.55867354775902,0.5130407642880073,0.049050085288740775,False,0.4304041784771432,10.139999999999997,22.0,14.09544062614441,
2026-07-21-2.pdf,C208B-A,2,2026-07-21 08:23,1,17,7,0,923.7,88.0,1366.0,9019.430912835822,ok (groupes non ordonnes),True,2.7105732916998373,-0.6105157993540655,203.07623872051826,38.413010121262445,1.2737612794817323,0.03499788831967976,False,0.4453066253832829,9.129333333333332,22.0,13.919044256210327,
2026-07-21-2.pdf,C208B-A,2,2026-07-21 08:23,2,17,7,0,923.7,88.0,1366.0,9019.430912835822,ok (groupes non ordonnes),True,2.6978056956996426,-0.7525216372938353,203.7156481419154,39.37597611734249,0.6343518580845853,0.0381358188622869,False,0.4019294179680367,9.129333333333332,22.0,14.450226068496704,
2026-07-21-3.pdf,C208B-A,3,2026-07-21 08:48,0,19,6,0,820.1,88.0,1494.0,9198.049138507462,ECHEC MTOW : masse au decollage 9198 lbs > MTOW 9062 (depassement 62 kg),,,,,,,,,,,,0.0003314018249511719,
2026-07-21-3.pdf,C208B-A,3,2026-07-21 08:48,1,19,6,0,820.1,88.0,1494.0,9198.049138507462,ECHEC MTOW : masse au decollage 9198 lbs > MTOW 9062 (depassement 62 kg),,,,,,,,,,,,0.00029921531677246094,
2026-07-21-3.pdf,C208B-A,3,2026-07-21 08:48,2,19,6,0,820.1,88.0,1494.0,9198.049138507462,ECHEC MTOW : masse au decollage 9198 lbs > MTOW 9062 (depassement 62 kg),,,,,,,,,,,,0.000331878662109375,
2026-07-21-4.pdf,C208B-A,4,2026-07-21 09:15,0,20,5,0,716.5,88.0,1641.0,9418.593950149254,ECHEC MTOW : masse au decollage 9418 lbs > MTOW 9062 (depassement 162 kg),,,,,,,,,,,,0.0002987384796142578,
2026-07-21-4.pdf,C208B-A,4,2026-07-21 09:15,1,20,5,0,716.5,88.0,1641.0,9418.593950149254,ECHEC MTOW : masse au decollage 9419 lbs > MTOW 9062 (depassement 162 kg),,,,,,,,,,,,0.0003228187561035156,
2026-07-21-4.pdf,C208B-A,4,2026-07-21 09:15,2,20,5,0,716.5,88.0,1641.0,9418.593950149254,ECHEC MTOW : masse au decollage 9419 lbs > MTOW 9062 (depassement 162 kg),,,,,,,,,,,,0.00041747093200683594,
2026-07-21-5.pdf,C208B-A,5,2026-07-21 09:40,0,20,7,0,612.9,88.0,1622.0,9272.94796119403,ECHEC MTOW : masse au decollage 9273 lbs > MTOW 9062 (depassement 96 kg),,,,,,,,,,,,0.0004088878631591797,
2026-07-21-5.pdf,C208B-A,5,2026-07-21 09:40,1,20,7,0,612.9,88.0,1622.0,9272.94796119403,ECHEC MTOW : masse au decollage 9273 lbs > MTOW 9062 (depassement 96 kg),,,,,,,,,,,,0.00041747093200683594,
2026-07-21-5.pdf,C208B-A,5,2026-07-21 09:40,2,20,7,0,612.9,88.0,1622.0,9272.94796119403,ECHEC MTOW : masse au decollage 9273 lbs > MTOW 9062 (depassement 96 kg),,,,,,,,,,,,0.00040030479431152344,
2026-07-21-6.pdf,C208B-A,6,2026-07-21 10:09,0,20,6,0,509.3,88.0,1664.0,9262.192747462686,ECHEC MTOW : masse au decollage 9263 lbs > MTOW 9062 (depassement 91 kg),,,,,,,,,,,,0.0003802776336669922,
2026-07-21-6.pdf,C208B-A,6,2026-07-21 10:09,1,20,6,0,509.3,88.0,1664.0,9262.192747462686,ECHEC MTOW : masse au decollage 9262 lbs > MTOW 9062 (depassement 91 kg),,,,,,,,,,,,0.0003757476806640625,
2026-07-21-6.pdf,C208B-A,6,2026-07-21 10:09,2,20,6,0,509.3,88.0,1664.0,9262.192747462686,ECHEC MTOW : masse au decollage 9262 lbs > MTOW 9062 (depassement 91 kg),,,,,,,,,,,,0.00041413307189941406,
2026-07-21-7.pdf,C208B-A,7,2026-07-21 10:30,0,17,5,0,405.7,88.0,1383.0,8538.751243880597,ok,True,4.006232370985456,4.006232370985456,203.69194529908873,39.34027906489267,0.658054700911265,0.7718133384998964,False,0.21645523933232252,5.3393333333333315,18.0,11.66664171218872,
2026-07-21-7.pdf,C208B-A,7,2026-07-21 10:30,1,17,5,0,405.7,88.0,1383.0,8538.751243880597,ok,True,4.018395505071986,4.018395505071986,203.60181672480763,39.204543260252464,0.7481832751923605,1.1183745999385337,False,0.10533133905975274,5.3393333333333315,19.0,11.67346453666687,
2026-07-21-7.pdf,C208B-A,7,2026-07-21 10:30,2,17,5,0,405.7,88.0,1383.0,8538.751243880597,ok,True,4.020299794603948,4.020299794603948,203.8283972843277,39.54577904266222,0.5216027156722873,1.2559505253455256,False,0.1851313103048152,5.591999999999998,18.0,12.153770208358765,
2026-07-21-8.pdf,C208B-A,8,2026-07-21 11:02,0,20,5,0,302.0,88.0,1675.0,9079.237597313433,ECHEC MTOW : masse au decollage 9079 lbs > MTOW 9062 (depassement 8 kg),,,,,,,,,,,,0.0003790855407714844,
2026-07-21-8.pdf,C208B-A,8,2026-07-21 11:02,1,20,5,0,302.0,88.0,1675.0,9079.237597313433,ECHEC MTOW : masse au decollage 9079 lbs > MTOW 9062 (depassement 8 kg),,,,,,,,,,,,0.0003814697265625,
2026-07-21-8.pdf,C208B-A,8,2026-07-21 11:02,2,20,5,0,302.0,88.0,1675.0,9079.237597313433,ECHEC MTOW : masse au decollage 9079 lbs > MTOW 9062 (depassement 8 kg),,,,,,,,,,,,0.00039196014404296875,
2026-07-21-9.pdf,C208B-A,9,2026-07-21 11:48,0,20,7,0,1027.4,88.0,1562.0,9555.523,ECHEC MTOW : masse au decollage 9555 lbs > MTOW 9062 (depassement 224 kg),,,,,,,,,,,,0.0003662109375,
2026-07-21-9.pdf,C208B-A,9,2026-07-21 11:48,1,20,7,0,1027.4,88.0,1562.0,9555.523,ECHEC MTOW : masse au decollage 9555 lbs > MTOW 9062 (depassement 224 kg),,,,,,,,,,,,0.00041794776916503906,
2026-07-21-9.pdf,C208B-A,9,2026-07-21 11:48,2,20,7,0,1027.4,88.0,1562.0,9555.523,ECHEC MTOW : masse au decollage 9556 lbs > MTOW 9062 (depassement 224 kg),,,,,,,,,,,,0.0003783702850341797,
2026-07-22-1.pdf,C208B-A,1,2026-07-22 08:40,0,18,7,0,1027.4,88.0,1452.0,9313.014799999999,ECHEC MTOW : masse au decollage 9313 lbs > MTOW 9062 (depassement 114 kg),,,,,,,,,,,,0.0004119873046875,
2026-07-22-1.pdf,C208B-A,1,2026-07-22 08:40,1,18,7,0,1027.4,88.0,1452.0,9313.014799999999,ECHEC MTOW : masse au decollage 9313 lbs > MTOW 9062 (depassement 114 kg),,,,,,,,,,,,0.0003917217254638672,
2026-07-22-1.pdf,C208B-A,1,2026-07-22 08:40,2,18,7,0,1027.4,88.0,1452.0,9313.014799999999,ECHEC MTOW : masse au decollage 9313 lbs > MTOW 9062 (depassement 114 kg),,,,,,,,,,,,0.00036644935607910156,
2026-07-22-10.pdf,C208B-A,11,2026-07-22 14:57,0,18,7,0,923.1,88.0,1415.0,9126.866248059701,ECHEC MTOW : masse au decollage 9127 lbs > MTOW 9062 (depassement 29 kg),,,,,,,,,,,,0.00030875205993652344,
2026-07-22-10.pdf,C208B-A,11,2026-07-22 14:57,1,18,7,0,923.1,88.0,1415.0,9126.866248059701,ECHEC MTOW : masse au decollage 9127 lbs > MTOW 9062 (depassement 29 kg),,,,,,,,,,,,0.00040221214294433594,
2026-07-22-10.pdf,C208B-A,11,2026-07-22 14:57,2,18,7,0,923.1,88.0,1415.0,9126.866248059701,ECHEC MTOW : masse au decollage 9127 lbs > MTOW 9062 (depassement 29 kg),,,,,,,,,,,,0.0003879070281982422,
2026-07-22-11.pdf,C208B-A,12,2026-07-22 15:25,0,18,7,0,818.6,88.0,1444.0,9086.29575044776,ECHEC MTOW : masse au decollage 9086 lbs > MTOW 9062 (depassement 11 kg),,,,,,,,,,,,0.00038743019104003906,
2026-07-22-11.pdf,C208B-A,12,2026-07-22 15:25,1,18,7,0,818.6,88.0,1444.0,9086.29575044776,ECHEC MTOW : masse au decollage 9086 lbs > MTOW 9062 (depassement 11 kg),,,,,,,,,,,,0.00035452842712402344,
2026-07-22-11.pdf,C208B-A,12,2026-07-22 15:25,2,18,7,0,818.6,88.0,1444.0,9086.29575044776,ECHEC MTOW : masse au decollage 9087 lbs > MTOW 9062 (depassement 11 kg),,,,,,,,,,,,0.00038933753967285156,
2026-07-22-12.pdf,C208B-A,13,2026-07-22 15:49,0,18,6,0,714.1,88.0,1493.0,9089.946011044776,ECHEC MTOW : masse au decollage 9090 lbs > MTOW 9062 (depassement 13 kg),,,,,,,,,,,,0.0003643035888671875,
2026-07-22-12.pdf,C208B-A,13,2026-07-22 15:49,1,18,6,0,714.1,88.0,1493.0,9089.946011044776,ECHEC MTOW : masse au decollage 9090 lbs > MTOW 9062 (depassement 13 kg),,,,,,,,,,,,0.00039267539978027344,
2026-07-22-12.pdf,C208B-A,13,2026-07-22 15:49,2,18,6,0,714.1,88.0,1493.0,9089.946011044776,ECHEC MTOW : masse au decollage 9090 lbs > MTOW 9062 (depassement 13 kg),,,,,,,,,,,,0.0002105236053466797,
2026-07-22-13.pdf,C208B-A,15,2026-07-22 16:12,0,15,5,0,610.5,88.0,1175.0,8285.047000298508,ok,True,4.683531262645407,4.683531262645407,203.621433347035,39.234086366016584,0.7285666529649859,2.4684904130175482,False,0.2267084624574952,4.90133333333333,22.0,10.865931034088135,
2026-07-22-13.pdf,C208B-A,15,2026-07-22 16:12,1,15,5,0,610.5,88.0,1175.0,8285.047000298508,ok,True,4.680212740550078,4.680212740550078,203.7272169725023,39.39339905497336,0.6227830274976895,2.3671274000554092,False,0.2329377845788439,5.086666666666664,22.0,11.488832235336304,
2026-07-22-13.pdf,C208B-A,15,2026-07-22 16:12,2,15,5,0,610.5,88.0,1175.0,8285.047000298508,ok,True,4.709598612418946,4.709598612418946,203.82481515158068,39.54038426442874,0.5251848484193147,2.517178253293082,False,0.19216054536483335,5.086666666666664,22.0,10.642024755477905,
2026-07-22-14.pdf,C208B-A,16,2026-07-22 16:49,0,19,8,0,506.8,88.0,1540.0,8986.357180895522,ok (groupes non ordonnes),True,2.7999542083633298,2.7999542083633298,203.80958148442372,39.51744199461404,0.5404185155762775,0.28939533261367956,False,0.45651003306914884,11.605333333333334,30.0,11.06904411315918,
2026-07-22-14.pdf,C208B-A,16,2026-07-22 16:49,1,19,8,0,506.8,88.0,1540.0,8986.357180895522,ok (groupes non ordonnes),True,2.7957465000705595,2.7957465000705595,203.8417108785217,39.56582963632786,0.508289121478299,0.026918432548001192,False,0.48441707602580897,10.46,31.0,11.504873752593994,
2026-07-22-14.pdf,C208B-A,16,2026-07-22 16:49,2,19,8,0,506.8,88.0,1540.0,8986.357180895522,ok (groupes non ordonnes),True,2.8055451613640345,2.8055451613640345,203.7585381942488,39.440569569651835,0.5914618057511802,0.06791381760990589,False,0.4885374198699937,14.49,33.0,13.756906270980835,
2026-07-22-15.pdf,C208B-A,17,2026-07-22 17:11,0,16,5,0,403.2,88.0,1298.0,8348.82123044776,ok,True,4.537042313181098,4.537042313181098,203.83680315677452,39.55843848911827,0.5131968432254723,1.735876593540354,False,0.204718336287581,4.193999999999997,24.0,11.211500406265259,
2026-07-22-15.pdf,C208B-A,17,2026-07-22 17:11,1,16,5,0,403.2,88.0,1298.0,8348.82123044776,ok,True,4.535690173774461,4.535690173774461,203.82251332483668,39.53691765788657,0.5274866751633169,2.078599778661612,False,0.19195857251482365,3.8233333333333306,21.0,11.544688701629639,
2026-07-22-15.pdf,C208B-A,17,2026-07-22 17:11,2,16,5,0,403.2,88.0,1298.0,8348.82123044776,ok,True,4.536648504130188,4.536648504130188,203.70086387668692,39.35371065766104,0.6491361233130704,2.1911348736199443,False,0.21752613496179793,4.513999999999998,17.0,11.66584324836731,
2026-07-22-2-1.pdf,C208B-B,8,2026-07-22 10:37,0,16,5,0,1027.4,80.0,1331.0,9124.61882,ECHEC MTOW : masse au decollage 9125 lbs > MTOW 9062 (depassement 28 kg),,,,,,,,,,,,0.0003936290740966797,
2026-07-22-2-1.pdf,C208B-B,8,2026-07-22 10:37,1,16,5,0,1027.4,80.0,1331.0,9124.61882,ECHEC MTOW : masse au decollage 9124 lbs > MTOW 9062 (depassement 28 kg),,,,,,,,,,,,0.00036978721618652344,
2026-07-22-2-1.pdf,C208B-B,8,2026-07-22 10:37,2,16,5,0,1027.4,80.0,1331.0,9124.61882,ECHEC MTOW : masse au decollage 9125 lbs > MTOW 9062 (depassement 28 kg),,,,,,,,,,,,0.0003952980041503906,
2026-07-22-2-2.pdf,C208B-B,14,2026-07-22 15:27,0,14,5,0,923.7,80.0,1109.0,8531.20661283582,ok,True,4.04353317611809,4.04353317611809,203.84565919460425,39.57177589548834,0.5043408053957421,1.4154779598964353,False,0.01931349918773446,3.6213333333333324,19.0,11.150444984436035,
2026-07-22-2-2.pdf,C208B-B,14,2026-07-22 15:27,1,14,5,0,923.7,80.0,1109.0,8531.20661283582,ok,True,4.042461123828857,4.042461123828857,203.83777000210543,39.55989458148409,0.5122299978945648,1.8127658075885051,False,0.1411278091897314,3.6213333333333324,16.0,11.21770715713501,
2026-07-22-2-2.pdf,C208B-B,14,2026-07-22 15:27,2,14,5,0,923.7,80.0,1109.0,8531.20661283582,ok,True,4.024885762013597,4.024885762013597,203.756535606589,39.43755362438105,0.5934643934109829,1.1810289153204394,False,0.17600857527610217,3.688666666666666,19.0,11.380151987075806,
2026-07-22-2-3.pdf,C208B-B,18,2026-07-22 17:25,,,,,,,,,ignore (carburant_absent),,,,,,,,,,,,,carburant_absent
2026-07-22-2-3.pdf,C208B-B,18,2026-07-22 17:25,,,,,,,,,ignore (carburant_absent),,,,,,,,,,,,,carburant_absent
2026-07-22-2-3.pdf,C208B-B,18,2026-07-22 17:25,,,,,,,,,ignore (carburant_absent),,,,,,,,,,,,,carburant_absent
2026-07-22-2-4.pdf,C208B-B,19,2026-07-22 17:56,0,17,7,0,1027.4,80.0,1370.0,9210.598999999998,ECHEC MTOW : masse au decollage 9211 lbs > MTOW 9062 (depassement 67 kg),,,,,,,,,,,,0.00035572052001953125,
2026-07-22-2-4.pdf,C208B-B,19,2026-07-22 17:56,1,17,7,0,1027.4,80.0,1370.0,9210.598999999998,ECHEC MTOW : masse au decollage 9210 lbs > MTOW 9062 (depassement 67 kg),,,,,,,,,,,,0.0003948211669921875,
2026-07-22-2-4.pdf,C208B-B,19,2026-07-22 17:56,2,17,7,0,1027.4,80.0,1370.0,9210.598999999998,ECHEC MTOW : masse au decollage 9211 lbs > MTOW 9062 (depassement 67 kg),,,,,,,,,,,,0.0003712177276611328,
2026-07-22-2-5.pdf,C208B-B,20,2026-07-22 18:18,0,20,8,0,923.7,80.0,1625.0,9668.790532835821,ECHEC MTOW : masse au decollage 9669 lbs > MTOW 9062 (depassement 275 kg),,,,,,,,,,,,0.00037407875061035156,
2026-07-22-2-5.pdf,C208B-B,20,2026-07-22 18:18,1,20,8,0,923.7,80.0,1625.0,9668.790532835821,ECHEC MTOW : masse au decollage 9668 lbs > MTOW 9062 (depassement 275 kg),,,,,,,,,,,,0.00039577484130859375,
2026-07-22-2-5.pdf,C208B-B,20,2026-07-22 18:18,2,20,8,0,923.7,80.0,1625.0,9668.790532835821,ECHEC MTOW : masse au decollage 9669 lbs > MTOW 9062 (depassement 275 kg),,,,,,,,,,,,0.0003833770751953125,
2026-07-22-2.pdf,C208B-A,2,2026-07-22 09:04,0,18,6,0,923.7,88.0,1456.0,9217.84671283582,ECHEC MTOW : masse au decollage 9218 lbs > MTOW 9062 (depassement 71 kg),,,,,,,,,,,,0.00030231475830078125,
2026-07-22-2.pdf,C208B-A,2,2026-07-22 09:04,1,18,6,0,923.7,88.0,1456.0,9217.84671283582,ECHEC MTOW : masse au decollage 9218 lbs > MTOW 9062 (depassement 71 kg),,,,,,,,,,,,0.00030303001403808594,
2026-07-22-2.pdf,C208B-A,2,2026-07-22 09:04,2,18,6,0,923.7,88.0,1456.0,9217.84671283582,ECHEC MTOW : masse au decollage 9217 lbs > MTOW 9062 (depassement 70 kg),,,,,,,,,,,,0.00035500526428222656,
2026-07-22-3.pdf,C208B-A,3,2026-07-22 09:32,0,20,7,0,820.1,88.0,1647.0,9535.355998507463,ECHEC MTOW : masse au decollage 9535 lbs > MTOW 9062 (depassement 215 kg),,,,,,,,,,,,0.0003724098205566406,
2026-07-22-3.pdf,C208B-A,3,2026-07-22 09:32,1,20,7,0,820.1,88.0,1647.0,9535.355998507463,ECHEC MTOW : masse au decollage 9536 lbs > MTOW 9062 (depassement 215 kg),,,,,,,,,,,,0.0003688335418701172,
2026-07-22-3.pdf,C208B-A,3,2026-07-22 09:32,2,20,7,0,820.1,88.0,1647.0,9535.355998507463,ECHEC MTOW : masse au decollage 9535 lbs > MTOW 9062 (depassement 215 kg),,,,,,,,,,,,0.00039768218994140625,
2026-07-22-4.pdf,C208B-A,4,2026-07-22 10:02,0,20,6,0,716.5,88.0,1654.0,9447.254010149252,ECHEC MTOW : masse au decollage 9447 lbs > MTOW 9062 (depassement 175 kg),,,,,,,,,,,,0.00039124488830566406,
2026-07-22-4.pdf,C208B-A,4,2026-07-22 10:02,1,20,6,0,716.5,88.0,1654.0,9447.254010149252,ECHEC MTOW : masse au decollage 9447 lbs > MTOW 9062 (depassement 175 kg),,,,,,,,,,,,0.0003771781921386719,
2026-07-22-4.pdf,C208B-A,4,2026-07-22 10:02,2,20,6,0,716.5,88.0,1654.0,9447.254010149252,ECHEC MTOW : masse au decollage 9447 lbs > MTOW 9062 (depassement 175 kg),,,,,,,,,,,,0.0003571510314941406,
2026-07-22-5.pdf,C208B-A,5,2026-07-22 10:31,0,20,7,0,612.9,88.0,1564.0,9145.08000119403,ECHEC MTOW : masse au decollage 9145 lbs > MTOW 9062 (depassement 38 kg),,,,,,,,,,,,0.00039196014404296875,
2026-07-22-5.pdf,C208B-A,5,2026-07-22 10:31,1,20,7,0,612.9,88.0,1564.0,9145.08000119403,ECHEC MTOW : masse au decollage 9145 lbs > MTOW 9062 (depassement 38 kg),,,,,,,,,,,,0.0003857612609863281,
2026-07-22-5.pdf,C208B-A,5,2026-07-22 10:31,2,20,7,0,612.9,88.0,1564.0,9145.08000119403,ECHEC MTOW : masse au decollage 9146 lbs > MTOW 9062 (depassement 38 kg),,,,,,,,,,,,0.0004036426544189453,
2026-07-22-6.pdf,C208B-A,6,2026-07-22 10:56,0,18,7,0,509.3,88.0,1451.0,8792.608687462685,ok,True,3.0542107289419684,3.0542107289419684,203.61541951174894,39.22502938516407,0.7345804882510549,0.06612872825817817,False,0.07749996266845638,7.146,28.0,11.980246543884277,
2026-07-22-6.pdf,C208B-A,6,2026-07-22 10:56,1,18,7,0,509.3,88.0,1451.0,8792.608687462685,ok,True,2.76807251782308,2.76807251782308,203.00860760398436,38.31115603009693,1.3413923960156353,0.03123210214135952,False,0.3832259347595607,6.417333333333332,32.0,12.71968150138855,
2026-07-22-6.pdf,C208B-A,6,2026-07-22 10:56,2,18,7,0,509.3,88.0,1451.0,8792.608687462685,ok,True,3.128442551764547,3.128442551764547,203.72991574756503,39.39746347524854,0.6200842524349639,0.7333077699578325,False,0.23851185373287653,6.067999999999999,28.0,13.911536693572998,
2026-07-22-7.pdf,C208B-A,7,2026-07-22 11:26,0,20,8,0,405.7,88.0,1586.0,8986.289103880596,ok (groupes non ordonnes),True,2.803022713045684,2.803022713045684,203.71930796730473,39.38148790256737,0.630692032695265,0.007938461656095797,False,0.4194236063549692,13.849999999999998,26.0,11.373463869094849,
2026-07-22-7.pdf,C208B-A,7,2026-07-22 11:26,1,20,8,0,405.7,88.0,1586.0,8986.289103880596,ok (groupes non ordonnes),True,2.804754867931213,2.804754867931213,203.6515755748768,39.27948128746507,0.6984244251231928,0.031389887135873096,False,0.5158899327556035,17.774666666666665,34.0,11.429988622665405,
2026-07-22-7.pdf,C208B-A,7,2026-07-22 11:26,2,20,8,0,405.7,88.0,1586.0,8986.289103880596,ok (groupes non ordonnes),True,2.805729559530954,2.805729559530954,202.85843413247707,38.08499116336909,1.4915658675229224,0.09700663987038638,False,0.5067774423975896,19.408666666666665,37.0,10.727618217468262,
2026-07-22-8.pdf,C208B-A,9,2026-07-22 11:49,0,20,5,1,302.0,88.0,1665.0,9057.191397313432,ok (groupes non ordonnes),True,2.6127166218033318,2.6127166218033318,203.12153380356372,38.4812256077767,1.2284661964362726,0.2576940103744221,False,0.307222914138384,11.374000000000002,39.0,15.506903648376465,
2026-07-22-8.pdf,C208B-A,9,2026-07-22 11:49,1,20,5,1,302.0,88.0,1665.0,9057.191397313432,ok (groupes non ordonnes),True,2.60941364585326,2.60941364585326,203.6773357833207,39.31827678210949,0.6726642166792942,0.303244965457111,False,0.2892832162724509,10.363333333333333,39.0,16.058996200561523,
2026-07-22-8.pdf,C208B-A,9,2026-07-22 11:49,2,20,5,1,302.0,88.0,1665.0,9057.191397313432,ok (groupes non ordonnes),True,2.6121425073468374,2.6121425073468374,202.7623942631467,37.94035280594382,1.5876057368533054,0.006646160827585845,False,0.29685139859664555,11.694,41.0,10.67433476448059,
2026-07-22-9.pdf,C208B-A,10,2026-07-22 14:31,0,18,5,0,1027.6,88.0,1515.0,9452.10586,ECHEC MTOW : masse au decollage 9452 lbs > MTOW 9062 (depassement 177 kg),,,,,,,,,,,,0.0003819465637207031,
2026-07-22-9.pdf,C208B-A,10,2026-07-22 14:31,1,18,5,0,1027.6,88.0,1515.0,9452.10586,ECHEC MTOW : masse au decollage 9453 lbs > MTOW 9062 (depassement 177 kg),,,,,,,,,,,,0.0003917217254638672,
2026-07-22-9.pdf,C208B-A,10,2026-07-22 14:31,2,18,5,0,1027.6,88.0,1515.0,9452.10586,ECHEC MTOW : masse au decollage 9452 lbs > MTOW 9062 (depassement 177 kg),,,,,,,,,,,,0.0003490447998046875,
2026-07-23-1.pdf,C208B-A,1,2026-07-23 08:49,,,,,,,,,ignore (carburant_absent),,,,,,,,,,,,,carburant_absent
2026-07-23-1.pdf,C208B-A,1,2026-07-23 08:49,,,,,,,,,ignore (carburant_absent),,,,,,,,,,,,,carburant_absent
2026-07-23-1.pdf,C208B-A,1,2026-07-23 08:49,,,,,,,,,ignore (carburant_absent),,,,,,,,,,,,,carburant_absent
2026-07-23-10.pdf,C208B-A,10,2026-07-23 14:53,0,17,3,0,1027.6,88.0,1398.0,9194.16532,ECHEC MTOW : masse au decollage 9194 lbs > MTOW 9062 (depassement 60 kg),,,,,,,,,,,,0.0003025531768798828,
2026-07-23-10.pdf,C208B-A,10,2026-07-23 14:53,1,17,3,0,1027.6,88.0,1398.0,9194.16532,ECHEC MTOW : masse au decollage 9194 lbs > MTOW 9062 (depassement 60 kg),,,,,,,,,,,,0.0002982616424560547,
2026-07-23-10.pdf,C208B-A,10,2026-07-23 14:53,2,17,3,0,1027.6,88.0,1398.0,9194.16532,ECHEC MTOW : masse au decollage 9194 lbs > MTOW 9062 (depassement 60 kg),,,,,,,,,,,,0.0003490447998046875,
2026-07-23-11.pdf,C208B-A,11,2026-07-23 15:22,0,18,7,0,924.0,88.0,1433.0,9167.43597522388,ECHEC MTOW : masse au decollage 9167 lbs > MTOW 9062 (depassement 48 kg),,,,,,,,,,,,0.0003600120544433594,
2026-07-23-11.pdf,C208B-A,11,2026-07-23 15:22,1,18,7,0,924.0,88.0,1433.0,9167.43597522388,ECHEC MTOW : masse au decollage 9167 lbs > MTOW 9062 (depassement 48 kg),,,,,,,,,,,,0.0003600120544433594,
2026-07-23-11.pdf,C208B-A,11,2026-07-23 15:22,2,18,7,0,924.0,88.0,1433.0,9167.43597522388,ECHEC MTOW : masse au decollage 9167 lbs > MTOW 9062 (depassement 48 kg),,,,,,,,,,,,0.0003771781921386719,
2026-07-23-12.pdf,C208B-A,12,2026-07-23 15:45,0,17,7,0,820.3,88.0,1400.0,8991.017843582089,ok (groupes non ordonnes),True,2.7800113620382367,-1.2479041299015972,203.47937864663152,39.0201485642041,0.8706213533684775,0.060816582783786544,False,0.40727813215808745,8.37133333333333,20.0,17.255412817001343,
2026-07-23-12.pdf,C208B-A,12,2026-07-23 15:45,1,17,7,0,820.3,88.0,1400.0,8991.017843582089,ok (groupes non ordonnes),True,2.7879243564382183,-1.0510875219970763,203.65177126122597,39.279775995822256,0.69822873877402,0.12750084921307803,False,0.363505826458531,8.37133333333333,18.0,14.435680866241455,
2026-07-23-12.pdf,C208B-A,12,2026-07-23 15:45,2,17,7,0,820.3,88.0,1400.0,8991.017843582089,ok (groupes non ordonnes),True,2.7889821767414973,-0.4998722885299293,203.28474681186196,38.727028331117424,1.0652531881380298,0.016040258546155428,False,0.41413449607390806,9.011333333333331,17.0,14.531949520111084,
2026-07-23-13.pdf,C208B-A,13,2026-07-23 16:16,0,19,8,0,716.7,88.0,1527.0,9167.464285074626,ECHEC MTOW : masse au decollage 9167 lbs > MTOW 9062 (depassement 48 kg),,,,,,,,,,,,0.00041174888610839844,
2026-07-23-13.pdf,C208B-A,13,2026-07-23 16:16,1,19,8,0,716.7,88.0,1527.0,9167.464285074626,ECHEC MTOW : masse au decollage 9168 lbs > MTOW 9062 (depassement 48 kg),,,,,,,,,,,,0.00039649009704589844,
2026-07-23-13.pdf,C208B-A,13,2026-07-23 16:16,2,19,8,0,716.7,88.0,1527.0,9167.464285074626,ECHEC MTOW : masse au decollage 9167 lbs > MTOW 9062 (depassement 48 kg),,,,,,,,,,,,0.0003147125244140625,
2026-07-23-14.pdf,C208B-A,14,2026-07-23 16:38,0,19,7,0,613.1,88.0,1496.0,8995.368826268657,ok,True,2.759984460644616,2.759984460644616,203.7922768945596,39.4913808653006,0.5577231054404024,0.9421324881342912,False,0.3281028820100695,7.347999999999999,39.0,12.446428298950195,
2026-07-23-14.pdf,C208B-A,14,2026-07-23 16:38,1,19,7,0,613.1,88.0,1496.0,8995.368826268657,ok,True,2.7589515193061236,2.7589515193061236,203.63530801438688,39.254981949377836,0.7146919856131149,0.25430870612086665,False,0.26208229798588356,5.406666666666665,36.0,11.846736192703247,
2026-07-23-14.pdf,C208B-A,14,2026-07-23 16:38,2,19,7,0,613.1,88.0,1496.0,8995.368826268657,ok,True,2.7790965982646902,2.7790965982646902,203.82211299907254,39.53631475763938,0.5278870009274499,0.06281497391779567,False,0.19148226362960633,6.468000000000003,39.0,10.76270580291748,
2026-07-23-15.pdf,C208B-A,15,2026-07-23 19:08,0,19,8,0,509.5,88.0,1568.0,9050.746242388059,ok (groupes non ordonnes),True,2.62219804763666,2.62219804763666,202.22240643910732,37.127118131185725,2.1275935608926773,0.4495501144122045,False,0.5619667845643198,14.288000000000004,35.0,15.853026151657104,
2026-07-23-15.pdf,C208B-A,15,2026-07-23 19:08,1,19,8,0,509.5,88.0,1568.0,9050.746242388059,ok (groupes non ordonnes),True,2.62495620944092,2.62495620944092,203.68640390775556,39.33193359601742,0.6635960922444326,0.13940364671682914,False,0.5017076843546184,11.655999999999993,32.0,13.374587774276733,
2026-07-23-15.pdf,C208B-A,15,2026-07-23 19:08,2,19,8,0,509.5,88.0,1568.0,9050.746242388059,ok (groupes non ordonnes),True,2.628565052313945,2.628565052313945,203.65737903066506,39.28822143172449,0.6926209693349392,0.07904970923493693,False,0.5443871145095853,12.548666666666662,34.0,16.006789922714233,
2026-07-23-2.pdf,C208B-A,2,2026-07-23 09:11,0,17,7,0,818.6,88.0,1382.0,8949.60931044776,ok,True,2.8889451440783396,2.8889451440783396,203.63877949375077,39.26021008094997,0.7112205062492194,0.01073348064488755,False,0.28262555645494647,7.49533333333333,19.0,13.645620584487915,
2026-07-23-2.pdf,C208B-A,2,2026-07-23 09:11,1,17,7,0,818.6,88.0,1382.0,8949.60931044776,ok,True,2.466537705008464,2.466537705008464,203.42457085394642,38.93760670775064,0.925429146053574,0.0015607717689647416,False,0.228265237505714,6.231999999999996,32.0,13.530504703521729,
2026-07-23-2.pdf,C208B-A,2,2026-07-23 09:11,2,17,7,0,818.6,88.0,1382.0,8949.60931044776,ok,True,2.2914970018044607,2.2914970018044607,203.61551127211638,39.22516757848853,0.7344887278836154,0.06611255755291268,False,0.1806033640473159,6.551999999999995,32.0,17.581552982330322,
2026-07-23-3.pdf,C208B-A,3,2026-07-23 09:37,0,18,6,0,714.1,88.0,1459.0,9014.988931044776,ok (groupes non ordonnes),True,2.7192633048377473,-1.2400214733831094,202.59795308381385,37.6927004274305,1.7520469161861456,0.23568354687563442,False,0.42178330559243205,10.779999999999998,28.0,13.177340030670166,
2026-07-23-3.pdf,C208B-A,3,2026-07-23 09:37,1,18,6,0,714.1,88.0,1459.0,9014.988931044776,ok (groupes non ordonnes),True,2.720182194138305,2.720182194138305,203.48547700849466,39.029332844118464,0.8645229915053392,1.0578700604076516,False,0.5392323914572735,13.104666666666663,39.0,14.503734350204468,
2026-07-23-3.pdf,C208B-A,3,2026-07-23 09:37,2,18,6,0,714.1,88.0,1459.0,9014.988931044776,ok (groupes non ordonnes),True,2.723361962013305,2.723361962013305,203.84029601812315,39.563698822474635,0.5097039818768394,0.2279318921320339,False,0.34712687837592426,9.634666666666664,25.0,14.053752899169922,
2026-07-23-4.pdf,C208B-A,4,2026-07-23 10:04,0,18,3,0,609.6,88.0,1505.0,9011.658167462687,ok,True,2.7327196232776396,2.7327196232776396,203.7768051228215,39.46808000424923,0.5731948771785085,0.357480598948797,True,0.00909337183353362,6.371333333333333,54.0,4.813476324081421,
2026-07-23-4.pdf,C208B-A,4,2026-07-23 10:04,1,18,3,0,609.6,88.0,1505.0,9011.658167462687,ok,True,2.7317075707102108,2.7317075707102108,201.97266708555182,36.7510046469154,2.377332914448175,1.708471187160967,True,0.009773976665788768,7.158666666666666,54.0,9.264290809631348,
2026-07-23-4.pdf,C208B-A,4,2026-07-23 10:04,2,18,3,0,609.6,88.0,1505.0,9011.658167462687,ok,True,2.736163674902042,2.736163674902042,203.67869225876862,39.32031966682022,0.6713077412313737,0.5455197399143117,True,0.007895320198685666,6.215333333333333,52.0,1.2493703365325928,
2026-07-23-5.pdf,C208B-A,5,2026-07-23 10:31,0,20,6,0,505.1,88.0,1566.0,9042.002674029849,ok,True,2.6440680044680502,2.6440680044680502,203.24799216556966,38.67167494814708,1.1020078344303386,0.005338340870906677,False,0.17348559942720845,6.135333333333332,32.0,12.631181955337524,
2026-07-23-5.pdf,C208B-A,5,2026-07-23 10:31,1,20,6,0,505.1,88.0,1566.0,9042.002674029849,ok,True,2.3052695834977657,2.3052695834977657,203.65293362424526,39.28152654253805,0.69706637575473,0.025413662410102233,False,0.2217714686381186,4.5813333333333315,53.0,16.51625394821167,
2026-07-23-5.pdf,C208B-A,5,2026-07-23 10:31,2,20,6,0,505.1,88.0,1566.0,9042.002674029849,ok,True,2.644618906864959,2.644618906864959,202.14639823967906,37.01264795132389,2.203601760320936,0.006886590083013289,False,0.3567822974016334,6.640666666666669,60.0,12.182635068893433,
2026-07-23-6.pdf,C208B-A,6,2026-07-23 10:59,0,20,8,0,401.5,88.0,1609.0,9032.747602686566,ok,True,1.7392334814279913,1.7392334814279913,202.61076651857212,37.71199776893393,1.739233481427874,0.0029452656789885623,True,0.007489480591673173,7.533333333333334,49.0,11.28700876235962,
2026-07-23-6.pdf,C208B-A,6,2026-07-23 10:59,1,20,8,0,401.5,88.0,1609.0,9032.747602686566,ok,True,1.2364884662341926,1.2364884662341926,203.48521573370934,39.028939357996,0.8647842662906555,0.043692542091065434,False,0.06390965349372839,7.027999999999996,45.0,14.469777822494507,
2026-07-23-6.pdf,C208B-A,6,2026-07-23 10:59,2,20,8,0,401.5,88.0,1609.0,9032.747602686566,ok,True,1.5697292580018671,1.5697292580018671,203.25334769389673,38.679740502856525,1.096652306103266,0.020521491541586556,True,0.009969823266255987,7.095333333333332,47.0,15.034239530563354,
2026-07-23-7.pdf,C208B-A,7,2026-07-23 11:25,0,19,7,0,297.8,88.0,1615.0,8942.712636119402,ok,True,2.670155170105492,2.670155170105492,203.77508579095002,39.46549064902111,0.5749142090499788,0.3151708566222453,False,0.35312403704423634,7.65133333333333,39.0,15.863118648529053,
2026-07-23-7.pdf,C208B-A,7,2026-07-23 11:25,1,19,7,0,297.8,88.0,1615.0,8942.712636119402,ok,True,2.923275683114618,2.923275683114618,203.8354567030899,39.55641069742456,0.5145432969100909,0.09497246120926661,False,0.40253307234897345,6.960666666666665,38.0,18.95606565475464,
2026-07-23-7.pdf,C208B-A,7,2026-07-23 11:25,2,19,7,0,297.8,88.0,1615.0,8942.712636119402,ok,True,2.9222333105360057,2.9222333105360057,203.7582159500221,39.44008426208149,0.591784049977889,0.03129466904158562,False,0.3859347797428625,6.45533333333333,40.0,16.938703298568726,
2026-07-23-8.pdf,C208B-A,8,2026-07-23 11:50,0,20,6,0,261.2,88.0,1650.0,8982.931052537313,ok,True,1.3342815422824008,1.3342815422824008,203.46297244394282,38.995440427624736,0.887027556057177,0.061092783705817055,False,0.13191674633428416,6.484666666666667,36.0,19.607177734375,
2026-07-23-8.pdf,C208B-A,8,2026-07-23 11:50,1,20,6,0,261.2,88.0,1650.0,8982.931052537313,ok,True,2.543225597341256,2.543225597341256,203.38886989724188,38.88384020668958,0.9611301027581192,0.2829122623087983,False,0.1644025641734381,6.640666666666667,41.0,15.418169021606445,
2026-07-23-8.pdf,C208B-A,8,2026-07-23 11:50,2,20,6,0,261.2,88.0,1650.0,8982.931052537313,ok,True,2.2976679547152,2.2976679547152,202.9181500415469,38.17492476136584,1.4318499584530855,0.6276653626891004,False,0.28218021538064175,7.196666666666667,60.0,18.630910634994507,
2026-07-23-9.pdf,C208B-A,9,2026-07-23 12:14,,,,,,,,,ignore (carburant_absent),,,,,,,,,,,,,carburant_absent
2026-07-23-9.pdf,C208B-A,9,2026-07-23 12:14,,,,,,,,,ignore (carburant_absent),,,,,,,,,,,,,carburant_absent
2026-07-23-9.pdf,C208B-A,9,2026-07-23 12:14,,,,,,,,,ignore (carburant_absent),,,,,,,,,,,,,carburant_absent
2026-07-24-1.pdf,C208B-A,1,2026-07-24 09:36,0,17,6,0,1027.4,88.0,1425.0,9253.49006,ECHEC MTOW : masse au decollage 9253 lbs > MTOW 9062 (depassement 87 kg),,,,,,,,,,,,0.000385284423828125,
2026-07-24-1.pdf,C208B-A,1,2026-07-24 09:36,1,17,6,0,1027.4,88.0,1425.0,9253.49006,ECHEC MTOW : masse au decollage 9253 lbs > MTOW 9062 (depassement 87 kg),,,,,,,,,,,,0.00036525726318359375,
2026-07-24-1.pdf,C208B-A,1,2026-07-24 09:36,2,17,6,0,1027.4,88.0,1425.0,9253.49006,ECHEC MTOW : masse au decollage 9253 lbs > MTOW 9062 (depassement 87 kg),,,,,,,,,,,,0.0003504753112792969,
2026-07-24-2.pdf,C208B-A,2,2026-07-24 10:02,0,18,7,0,923.1,88.0,1503.0,9320.872808059701,ECHEC MTOW : masse au decollage 9321 lbs > MTOW 9062 (depassement 117 kg),,,,,,,,,,,,0.0003604888916015625,
2026-07-24-2.pdf,C208B-A,2,2026-07-24 10:02,1,18,7,0,923.1,88.0,1503.0,9320.872808059701,ECHEC MTOW : masse au decollage 9321 lbs > MTOW 9062 (depassement 117 kg),,,,,,,,,,,,0.00036978721618652344,
2026-07-24-2.pdf,C208B-A,2,2026-07-24 10:02,2,18,7,0,923.1,88.0,1503.0,9320.872808059701,ECHEC MTOW : masse au decollage 9320 lbs > MTOW 9062 (depassement 117 kg),,,,,,,,,,,,0.00020265579223632812,
2026-07-24-3.pdf,C208B-A,3,2026-07-24 10:31,0,17,6,1,818.6,88.0,1336.0,8848.19679044776,ok,True,3.1533214048295224,3.1533214048295224,203.65833733182546,39.28966465636366,0.6916626681745299,0.2047237850719057,False,0.2024879199484205,5.844666666666669,24.0,12.346197843551636,
2026-07-24-3.pdf,C208B-A,3,2026-07-24 10:31,1,17,6,1,818.6,88.0,1336.0,8848.19679044776,ok,True,3.160109330402839,3.160109330402839,203.5621350771131,39.144781742640234,0.7878649228868824,0.0441359712922349,False,0.21575788262149664,5.844666666666669,23.0,11.389209508895874,
2026-07-24-3.pdf,C208B-A,3,2026-07-24 10:31,2,17,6,1,818.6,88.0,1336.0,8848.19679044776,ok,True,3.1822235923821878,3.1822235923821878,203.80129523589235,39.50496270465717,0.5487047641076401,0.10649880054137384,False,0.12735289026769991,5.339333333333331,22.0,10.820128202438354,
2026-07-24-4.pdf,C208B-A,4,2026-07-24 10:50,0,18,6,0,715.0,88.0,1453.0,9002.647778208955,ok,True,2.7602742404638483,2.7602742404638483,203.84218335633912,39.56654119930591,0.507816643660874,0.007612352056128202,False,0.11953479005321264,5.406666666666663,38.0,11.87940788269043,
2026-07-24-4.pdf,C208B-A,4,2026-07-24 10:50,1,18,6,0,715.0,88.0,1453.0,9002.647778208955,ok,True,2.745388195690878,2.745388195690878,203.83560694997973,39.55663697286106,0.51439305002026,0.46823473291871665,False,0.3453182442043819,6.989999999999997,30.0,12.10776162147522,
2026-07-24-4.pdf,C208B-A,4,2026-07-24 10:50,2,18,6,0,715.0,88.0,1453.0,9002.647778208955,ok,True,2.740342496807095,2.740342496807095,203.65201820609605,39.28014790074707,0.6979817939039492,0.190178930220668,False,0.17115723425763785,5.912,38.0,12.047626256942749,
2026-07-24-5.pdf,C208B-A,5,2026-07-24 12:30,0,17,5,0,611.3,88.0,1424.0,8834.809320597014,ok,True,3.217097937795549,3.217097937795549,203.40230775249762,38.90407794050847,0.9476922475023741,1.1523382700244156,False,0.45808103684845797,4.076000000000001,35.0,11.678346157073975,
2026-07-24-5.pdf,C208B-A,5,2026-07-24 12:30,1,17,5,0,611.3,88.0,1424.0,8834.809320597014,ok,True,3.2165206589865956,3.2165206589865956,203.76075547031286,39.44390884083263,0.5892445296871358,0.20510981984179466,False,0.15409661317332685,5.3393333333333315,19.0,11.77825379371643,
2026-07-24-5.pdf,C208B-A,5,2026-07-24 12:30,2,17,5,0,611.3,88.0,1424.0,8834.809320597014,ok,True,3.214309845388052,3.214309845388052,203.79044314495033,39.488619194202315,0.5595568550496637,0.03036384072771625,False,0.4777482511280101,6.8553333333333315,36.0,11.56561541557312,
2026-07-24-6.pdf,C208B-A,6,2026-07-24 11:40,0,17,5,0,507.7,88.0,1406.0,8691.8246680597,ok,True,3.607108748090622,3.607108748090622,203.13962501873485,38.508471413757306,1.2103749812651472,0.5923549928995726,False,0.11957884558713591,4.446666666666665,22.0,10.772689580917358,
2026-07-24-6.pdf,C208B-A,6,2026-07-24 11:40,1,17,5,0,507.7,88.0,1406.0,8691.8246680597,ok,True,3.599301488601063,3.599301488601063,203.13841413683002,38.50664779643076,1.2115858631699723,0.4067545498620859,False,0.12091537634057327,4.446666666666665,22.0,11.812264204025269,
2026-07-24-6.pdf,C208B-A,6,2026-07-24 11:40,2,17,5,0,507.7,88.0,1406.0,8691.8246680597,ok,True,3.604666527330203,3.604666527330203,203.54931230722005,39.125470342198874,0.8006876927799453,0.741793883845645,False,0.10066117426461763,4.446666666666665,22.0,10.946788549423218,
2026-07-24-7.pdf,C208B-A,7,2026-07-24 12:05,0,20,9,0,404.1,88.0,1633.0,9088.282363283583,ECHEC MTOW : masse au decollage 9089 lbs > MTOW 9062 (depassement 12 kg),,,,,,,,,,,,0.0003693103790283203,
2026-07-24-7.pdf,C208B-A,7,2026-07-24 12:05,1,20,9,0,404.1,88.0,1633.0,9088.282363283583,ECHEC MTOW : masse au decollage 9089 lbs > MTOW 9062 (depassement 12 kg),,,,,,,,,,,,0.0003924369812011719,
2026-07-24-7.pdf,C208B-A,7,2026-07-24 12:05,2,20,9,0,404.1,88.0,1633.0,9088.282363283583,ECHEC MTOW : masse au decollage 9088 lbs > MTOW 9062 (depassement 12 kg),,,,,,,,,,,,0.00045037269592285156,
2026-07-26-1.pdf,C208B-A,1,2026-07-26 16:04,0,16,7,0,1027.4,88.0,1313.0,9006.572619999999,ok,True,0.988165077280388,0.988165077280388,203.65283452625374,39.281377298574924,0.6971654737462529,0.3483125212326854,False,0.15356598357344642,5.406666666666666,19.0,14.763157844543457,
2026-07-26-1.pdf,C208B-A,1,2026-07-26 16:04,1,16,7,0,1027.4,88.0,1313.0,9006.572619999999,ok,True,1.3364581677343375,1.3364581677343375,203.49084990199177,39.03742455119242,0.8591500980082287,0.06521894899512404,False,0.2341600784764008,5.406666666666666,17.0,15.99341893196106,
2026-07-26-1.pdf,C208B-A,1,2026-07-26 16:04,2,16,7,0,1027.4,88.0,1313.0,9006.572619999999,ok,True,0.3216953359843123,0.3216953359843123,204.0283046640157,39.846844373517634,0.32169533598428757,0.052232021493239245,True,0.00987323153059191,5.9626666666666654,21.0,13.105865716934204,
2026-07-26-2.pdf,C208B-A,2,2026-07-26 16:16,0,15,6,0,923.7,88.0,1191.0,8633.62241283582,ok,True,3.7650205817978004,3.7650205817978004,203.82743019963942,39.544322589818414,0.5225698003605714,1.0695543655874644,False,0.2635786073958227,5.019333333333335,22.0,11.181664943695068,
2026-07-26-2.pdf,C208B-A,2,2026-07-26 16:16,1,15,6,0,923.7,88.0,1191.0,8633.62241283582,ok,True,3.757227156637119,3.757227156637119,203.71461606151135,39.37442177938457,0.6353839384886442,2.0925956203257385,False,0.19774132054675136,4.261333333333335,17.0,11.351143598556519,
2026-07-26-2.pdf,C208B-A,2,2026-07-26 16:16,2,15,6,0,923.7,88.0,1191.0,8633.62241283582,ok,True,3.7537537550405555,3.7537537550405555,203.52248515650894,39.08506800679057,0.8275148434910591,1.4087525321380383,False,0.2038495011600814,4.261333333333335,20.0,11.670952796936035,
2026-07-26-3.pdf,C208B-A,3,2026-07-26 16:44,0,15,5,0,820.1,88.0,1203.0,8556.504718507462,ok,True,3.972593240151435,3.972593240151435,203.4854936441854,39.02935789786958,0.8645063558145978,1.7577495316677698,False,0.252823997335476,5.77733333333333,26.0,10.90451455116272,
2026-07-26-3.pdf,C208B-A,3,2026-07-26 16:44,1,15,5,0,820.1,88.0,1203.0,8556.504718507462,ok,True,3.9538575227800608,3.9538575227800608,203.79374520409655,39.49359217484421,0.5562547959034418,2.0270454000976486,False,0.21014252754004345,7.360666666666665,20.0,10.632803916931152,
2026-07-26-3.pdf,C208B-A,3,2026-07-26 16:44,2,15,5,0,820.1,88.0,1203.0,8556.504718507462,ok,True,3.971903333540355,3.971903333540355,203.6822023460715,39.32560594287878,0.6677976539284884,2.1529976278543472,False,0.14643353126190486,6.855333333333331,15.0,12.436691522598267,
2026-07-26-4.pdf,C208B-A,4,2026-07-26 17:00,0,14,6,0,716.5,88.0,1141.0,8316.283950149253,ok,True,4.598175712913109,4.598175712913109,203.58160027845966,39.174096804909134,0.7683997215403338,2.7746373116313805,False,0.22078784815433253,5.153999999999997,27.0,11.318763494491577,
2026-07-26-4.pdf,C208B-A,4,2026-07-26 17:00,1,14,6,0,716.5,88.0,1141.0,8316.283950149253,ok,True,4.595100597428416,4.595100597428416,203.73889245431837,39.41098261192527,0.6111075456816195,2.6829151225805106,False,0.24523423267406189,5.591999999999997,25.0,11.886626958847046,
2026-07-26-4.pdf,C208B-A,4,2026-07-26 17:00,2,14,6,0,716.5,88.0,1141.0,8316.283950149253,ok,True,4.628915964334981,4.628915964334981,203.73369421099846,39.40315393222661,0.6163057890015295,2.5278246870858254,False,0.2213115462359429,5.153999999999997,27.0,11.743162393569946,
2026-07-27-1.pdf,C208B-A,1,2026-07-27 10:35,0,18,7,0,1027.4,88.0,1450.0,9308.60556,ECHEC MTOW : masse au decollage 9309 lbs > MTOW 9062 (depassement 112 kg),,,,,,,,,,,,0.00041556358337402344,
2026-07-27-1.pdf,C208B-A,1,2026-07-27 10:35,1,18,7,0,1027.4,88.0,1450.0,9308.60556,ECHEC MTOW : masse au decollage 9309 lbs > MTOW 9062 (depassement 112 kg),,,,,,,,,,,,0.0004215240478515625,
2026-07-27-1.pdf,C208B-A,1,2026-07-27 10:35,2,18,7,0,1027.4,88.0,1450.0,9308.60556,ECHEC MTOW : masse au decollage 9308 lbs > MTOW 9062 (depassement 112 kg),,,,,,,,,,,,0.0004382133483886719,
2026-07-27-2.pdf,C208B-A,2,2026-07-27 11:59,0,18,7,0,923.7,88.0,1470.0,9248.711392835821,ECHEC MTOW : masse au decollage 9249 lbs > MTOW 9062 (depassement 85 kg),,,,,,,,,,,,0.0004146099090576172,
2026-07-27-2.pdf,C208B-A,2,2026-07-27 11:59,1,18,7,0,923.7,88.0,1470.0,9248.711392835821,ECHEC MTOW : masse au decollage 9249 lbs > MTOW 9062 (depassement 85 kg),,,,,,,,,,,,0.00043082237243652344,
2026-07-27-2.pdf,C208B-A,2,2026-07-27 11:59,2,18,7,0,923.7,88.0,1470.0,9248.711392835821,ECHEC MTOW : masse au decollage 9249 lbs > MTOW 9062 (depassement 85 kg),,,,,,,,,,,,0.0004432201385498047,
2026-07-27-3.pdf,C208B-A,3,2026-07-27 14:30,0,17,6,1,870.8,88.0,1403.0,9047.891405074626,ok,True,1.4373196270125597,1.4373196270125597,203.55883289747004,39.13980858052717,0.791167102529954,0.05807864703390919,True,0.009284622163535476,5.726666666666668,35.0,15.312631845474243,
2026-07-27-3.pdf,C208B-A,3,2026-07-27 14:30,1,17,6,1,870.8,88.0,1403.0,9047.891405074626,ok,True,2.618493198657299,2.618493198657299,203.77898048391813,39.47135615047912,0.5710195160818614,0.6923531606650499,False,0.380005958030138,5.221333333333331,37.0,10.910707235336304,
2026-07-27-3.pdf,C208B-A,3,2026-07-27 14:30,2,17,6,1,870.8,88.0,1403.0,9047.891405074626,ok,True,2.1844798399707903,2.1844798399707903,203.64769619013197,39.273638840560196,0.7023038098680274,0.00960806386638069,False,0.362566809561582,7.360666666666663,31.0,15.15670108795166,
2026-07-27-4.pdf,C208B-A,4,2026-07-27 15:12,0,19,7,0,766.3,88.0,1525.0,9212.789373432835,ECHEC MTOW : masse au decollage 9212 lbs > MTOW 9062 (depassement 68 kg),,,,,,,,,,,,0.00020265579223632812,
2026-07-27-4.pdf,C208B-A,4,2026-07-27 15:12,1,19,7,0,766.3,88.0,1525.0,9212.789373432835,ECHEC MTOW : masse au decollage 9213 lbs > MTOW 9062 (depassement 68 kg),,,,,,,,,,,,0.00020241737365722656,
2026-07-27-4.pdf,C208B-A,4,2026-07-27 15:12,2,19,7,0,766.3,88.0,1525.0,9212.789373432835,ECHEC MTOW : masse au decollage 9213 lbs > MTOW 9062 (depassement 68 kg),,,,,,,,,,,,0.0002052783966064453,
2026-07-27-5.pdf,C208B-A,5,2026-07-27 15:55,0,11,4,0,662.7,88.0,888.0,7704.51807522388,ok,True,6.2951750538169176,6.2951750538169176,203.66278939912854,39.296369577000824,0.6872106008714525,2.68278357313082,False,0.058381630930818586,4.193999999999996,22.0,10.502456426620483,
2026-07-27-5.pdf,C208B-A,5,2026-07-27 15:55,1,11,4,0,662.7,88.0,888.0,7704.51807522388,ok,True,6.283792623592986,6.283792623592986,203.7573299487465,39.438749922811006,0.5926700512534921,2.822895241954086,False,0.18897516278962467,4.193999999999996,22.0,10.730007886886597,
2026-07-27-5.pdf,C208B-A,5,2026-07-27 15:55,2,11,4,0,662.7,88.0,888.0,7704.51807522388,ok,True,6.248808211200158,6.248808211200158,203.48648393327,39.030849297093376,0.8635160667299999,2.496959072278912,False,0.11792732079533588,3.756000000000001,25.0,10.663401365280151,
2026-07-27-6.pdf,C208B-A,6,2026-07-27 16:37,0,18,6,0,559.1,88.0,1464.0,8871.015016119403,ok,True,2.2273184140499893,2.2273184140499893,203.59877176374724,39.19995747552296,0.7512282362527571,0.10787158415098475,False,0.33924320389094303,7.718666666666666,43.0,16.916473388671875,
2026-07-27-6.pdf,C208B-A,6,2026-07-27 16:37,1,18,6,0,559.1,88.0,1464.0,8871.015016119403,ok,True,2.624218812545229,2.624218812545229,203.06020734018054,38.38886647617552,1.2897926598194545,1.1252234501108376,False,0.27724083157972573,7.175333333333334,45.0,13.726667642593384,
2026-07-27-6.pdf,C208B-A,6,2026-07-27 16:37,2,18,6,0,559.1,88.0,1464.0,8871.015016119403,ok,True,3.061992677914975,3.061992677914975,203.6118818177068,39.219701532690976,0.7381181822931921,0.9294786687228793,False,0.2975947041159041,7.242666666666665,40.0,14.281839370727539,
2026-07-27-7.pdf,C208B-A,7,2026-07-27 17:15,0,17,6,2,455.5,88.0,1384.0,8590.902132537312,ok (groupes non ordonnes),True,3.878711272765341,-1.8758718319311463,203.4876791608914,39.03264933869186,0.8623208391086052,0.9138044593639165,False,0.15341833151592077,8.623999999999999,20.0,10.525351524353027,
2026-07-27-7.pdf,C208B-A,7,2026-07-27 17:15,1,17,6,2,455.5,88.0,1384.0,8590.902132537312,ok (groupes non ordonnes),True,3.8832697413952637,3.8832697413952637,203.77070131208268,39.45888751819681,0.5792986879173156,0.23307283887425,False,0.1867789881687499,8.118666666666666,24.0,10.699800491333008,
2026-07-27-7.pdf,C208B-A,7,2026-07-27 17:15,2,17,6,2,455.5,88.0,1384.0,8590.902132537312,ok (groupes non ordonnes),True,3.880179743836859,-1.857702553567502,203.4479301307418,38.97278634147864,0.9020698692581846,0.6076137504088308,False,0.14088054272587394,8.623999999999999,20.0,10.612552165985107,
2026-07-28-1.pdf,C208B-A,1,2026-07-28 09:24,0,16,6,0,1045.0,80.0,1292.0,8960.141625074626,ok,True,2.8714679319905545,2.8714679319905545,203.62311950413024,39.236625759232304,0.7268804958697501,0.3444251735324997,False,0.2962994034020709,6.669999999999998,20.0,11.977603912353516,
2026-07-28-1.pdf,C208B-A,1,2026-07-28 09:24,1,16,6,0,1045.0,80.0,1292.0,8960.141625074626,ok,True,2.857929013647851,2.857929013647851,203.61424502228428,39.22326057572935,0.7357549777157146,0.241227798531213,False,0.3311838099081237,7.680666666666665,22.0,13.222761631011963,
2026-07-28-1.pdf,C208B-A,1,2026-07-28 09:24,2,16,6,0,1045.0,80.0,1292.0,8960.141625074626,ok,True,2.857770282958183,2.857770282958183,203.74351314074275,39.41794147702222,0.6064868592572452,0.4894013153705714,False,0.2659197300161538,6.989999999999998,19.0,12.97089433670044,
2026-07-28-10.pdf,C208B-A,10,2026-07-28 15:48,0,16,7,0,1011.9,100.0,1301.0,8991.072619999999,ok,True,1.1167237094102564,1.1167237094102564,203.6889833068805,39.335818233253754,0.6610166931195067,0.12121734690111907,False,0.22573678886768472,6.9226666666666645,22.0,13.022950172424316,
2026-07-28-10.pdf,C208B-A,10,2026-07-28 15:48,1,16,7,0,1011.9,100.0,1301.0,8991.072619999999,ok,True,1.256271121516523,1.256271121516523,203.75259478288373,39.431618648921294,0.5974052171162612,0.07503791051965436,False,0.20669185591362763,6.535333333333329,22.0,13.066053628921509,
2026-07-28-10.pdf,C208B-A,10,2026-07-28 15:48,2,16,7,0,1011.9,100.0,1301.0,8991.072619999999,ok,True,1.5375667839457061,1.5375667839457061,203.63539167952422,39.25510795109069,0.7146083204757758,0.16879178781161386,False,0.2464045495259011,6.669999999999996,20.0,13.423142433166504,
2026-07-28-11.pdf,C208B-A,11,2026-07-28 16:10,0,17,5,0,908.3,100.0,1392.0,9088.036323582088,ECHEC MTOW : masse au decollage 9088 lbs > MTOW 9062 (depassement 12 kg),,,,,,,,,,,,0.0004038810729980469,
2026-07-28-11.pdf,C208B-A,11,2026-07-28 16:10,1,17,5,0,908.3,100.0,1392.0,9088.036323582088,ECHEC MTOW : masse au decollage 9088 lbs > MTOW 9062 (depassement 12 kg),,,,,,,,,,,,0.00040435791015625,
2026-07-28-11.pdf,C208B-A,11,2026-07-28 16:10,2,17,5,0,908.3,100.0,1392.0,9088.036323582088,ECHEC MTOW : masse au decollage 9088 lbs > MTOW 9062 (depassement 12 kg),,,,,,,,,,,,0.00036597251892089844,
2026-07-28-12.pdf,C208B-A,12,2026-07-28 16:35,0,17,7,0,804.7,100.0,1370.0,8935.501847761192,ok (groupes non ordonnes),True,2.9431894623831605,-0.04334514724845672,202.79465408904667,37.98893688109439,1.5553459109533208,0.4107384712781368,False,0.299324095200971,8.943999999999997,32.0,13.995884418487549,
2026-07-28-12.pdf,C208B-A,12,2026-07-28 16:35,1,17,7,0,804.7,100.0,1370.0,8935.501847761192,ok,True,0.15754305258970835,0.15754305258970835,204.19245694744646,40.09406166784106,0.1575430525535353,0.06604665562724676,True,0.0062587017128858365,9.352666666666666,27.0,13.765156745910645,
2026-07-28-12.pdf,C208B-A,12,2026-07-28 16:35,2,17,7,0,804.7,100.0,1370.0,8935.501847761192,ok,True,1.165890974340296,1.165890974340296,203.35865509016347,38.838335979161855,0.9913449098365277,0.026820082931521938,False,0.16813499657540967,6.417333333333331,30.0,12.301485300064087,
2026-07-28-13.pdf,C208B-A,13,2026-07-28 17:01,0,18,7,0,701.1,100.0,1422.0,8946.995819104477,ok,True,1.4253245929266425,1.4253245929266425,203.80504406025656,39.510608524482784,0.5449559397434314,0.03796085460490417,True,0.009721040277819353,5.237999999999999,27.0,15.731933355331421,
2026-07-28-13.pdf,C208B-A,13,2026-07-28 17:01,1,18,7,0,701.1,100.0,1422.0,8946.995819104477,ok,True,2.2920560122110043,2.2920560122110043,203.80509650321275,39.51068750483849,0.5449034967872421,0.44565786814936814,False,0.0999663687423343,6.4846666666666675,31.0,14.969448804855347,
2026-07-28-13.pdf,C208B-A,13,2026-07-28 17:01,2,18,7,0,701.1,100.0,1422.0,8946.995819104477,ok,True,1.8873423109460208,1.8873423109460208,203.72757622720883,39.39394010121812,0.6224237727911657,0.18315273995571602,False,0.19366893725217674,7.546000000000001,32.0,13.457824468612671,
2026-07-28-14.pdf,C208B-A,14,2026-07-28 17:25,0,16,6,0,597.5,100.0,1306.0,8587.277809552239,ok,True,2.403295773693612,2.403295773693612,203.13241856933493,38.49761832731165,1.2175814306650636,1.3473655993981026,False,0.0940872332736002,5.592,21.0,13.277038097381592,
2026-07-28-14.pdf,C208B-A,14,2026-07-28 17:25,1,16,6,0,597.5,100.0,1306.0,8587.277809552239,ok,True,3.271712476344248,3.271712476344248,203.47730602069203,39.017027139596436,0.872693979307968,0.8286532278507934,False,0.24500416451276275,7.478666666666667,28.0,14.808776378631592,
2026-07-28-14.pdf,C208B-A,14,2026-07-28 17:25,2,16,6,0,597.5,100.0,1306.0,8587.277809552239,ok,True,2.2528460430298347,2.2528460430298347,203.46617945600812,39.00027026507248,0.8838205439918738,1.4655694982735668,False,0.11237780430133996,5.592,21.0,14.939326524734497,
2026-07-28-15.pdf,C208B-A,15,2026-07-28 17:49,0,18,5,0,493.8,100.0,1453.0,8807.945009253732,ok,True,3.2897534383534657,3.2897534383534657,203.6990627715208,39.35099814988073,0.6509372284791937,0.2984658846858963,False,0.3287415061859603,6.602666666666668,33.0,11.947574377059937,
2026-07-28-15.pdf,C208B-A,15,2026-07-28 17:49,1,18,5,0,493.8,100.0,1453.0,8807.945009253732,ok,True,3.2730010350900263,3.2730010350900263,202.8563749029904,38.081889914142195,1.4936250970095841,0.35963003050272846,False,0.41442498670187056,6.670000000000002,42.0,11.726901292800903,
2026-07-28-15.pdf,C208B-A,15,2026-07-28 17:49,2,18,5,0,493.8,100.0,1453.0,8807.945009253732,ok,True,3.283075427326722,3.283075427326722,203.84709253183345,39.57393453589376,0.5029074681665406,0.6719868290973352,False,0.586923099658705,6.960666666666668,55.0,12.21538257598877,
2026-07-28-16.pdf,C208B-A,16,2026-07-28 18:45,0,14,4,0,522.5,60.0,1172.0,8128.793332537313,ok,True,5.137478706593719,5.137478706593719,203.8477337998347,39.5749003009559,0.5022662001652805,2.883608213169339,False,0.18005670134093077,5.575333333333333,27.0,11.407688617706299,
2026-07-28-16.pdf,C208B-A,16,2026-07-28 18:45,1,14,4,0,522.5,60.0,1172.0,8128.793332537313,ok,True,5.137881238156607,5.137881238156607,203.76790096759018,39.45467013191293,0.5820990324098148,2.4752390534088136,False,0.14830347715044526,5.642666666666666,25.0,10.968681573867798,
2026-07-28-16.pdf,C208B-A,16,2026-07-28 18:45,2,14,4,0,522.5,60.0,1172.0,8128.793332537313,ok,True,5.127021959564543,5.127021959564543,203.7873177751849,39.48391231202547,0.5626822248150916,3.0949893908254467,False,0.16799350846855218,5.575333333333333,25.0,11.191734552383423,
2026-07-28-17.pdf,C208B-A,17,2026-07-28 19:13,0,15,6,0,418.0,60.0,1200.0,8086.060005970148,ok,True,5.23565672270292,5.23565672270292,203.71191545853955,39.37035460623427,0.6380845414604437,2.3064309582047144,False,0.1698342679931538,5.339333333333332,29.0,11.179558277130127,
2026-07-28-17.pdf,C208B-A,17,2026-07-28 19:13,1,15,6,0,418.0,60.0,1200.0,8086.060005970148,ok,True,5.255497563271182,5.255497563271182,203.7553755799792,39.435806596354205,0.5946244200208071,2.946799226184311,False,0.1955603376901448,4.901333333333329,32.0,10.95622968673706,
2026-07-28-17.pdf,C208B-A,17,2026-07-28 19:13,2,15,6,0,418.0,60.0,1200.0,8086.060005970148,ok,True,5.24708060171589,5.24708060171589,203.52976677853744,39.096034305026265,0.8202332214625585,3.0246432373804737,False,0.22223378386389894,5.524666666666663,36.0,11.562695503234863,
2026-07-28-2.pdf,C208B-A,2,2026-07-28 09:48,0,17,6,0,941.4,80.0,1363.0,9012.717406268657,ok,True,0.4302527880556014,0.4302527880556014,203.9166569453713,39.67870021893269,0.4333430546286934,0.0012020709056059786,False,0.08035809477971055,8.825999999999999,19.0,13.428710460662842,
2026-07-28-2.pdf,C208B-A,2,2026-07-28 09:48,1,17,6,0,941.4,80.0,1363.0,9012.717406268657,ok (groupes non ordonnes),True,2.7280842386727153,-0.44403936249762915,203.06434726894167,38.39510130864711,1.2856527310583203,0.00031665385694168435,False,0.3829334208068094,8.185999999999998,20.0,13.293734073638916,
2026-07-28-2.pdf,C208B-A,2,2026-07-28 09:48,2,17,6,0,941.4,80.0,1363.0,9012.717406268657,ok (groupes non ordonnes),True,2.708327068143996,-0.6928894536990008,203.45045718781589,38.97659215032513,0.8995428121841087,0.022361708766510446,False,0.3340478308140903,8.185999999999998,20.0,13.684439897537231,
2026-07-28-3.pdf,C208B-A,3,2026-07-28 10:17,0,15,6,0,837.8,80.0,1215.0,8583.278422388059,ok,True,3.898325613140545,3.898325613140545,203.58022441061158,39.172024714776484,0.7697755893884164,1.5938786399723313,False,0.300661788654942,4.833999999999997,25.0,11.939791202545166,
2026-07-28-3.pdf,C208B-A,3,2026-07-28 10:17,1,15,6,0,837.8,80.0,1215.0,8583.278422388059,ok,True,3.9009428962837465,3.9009428962837465,203.5895325162309,39.18604294613087,0.760467483769105,1.2864947658225674,False,0.20647352954478818,5.844666666666666,23.0,11.086707830429077,
2026-07-28-3.pdf,C208B-A,3,2026-07-28 10:17,2,15,6,0,837.8,80.0,1215.0,8583.278422388059,ok,True,3.870640443740287,3.870640443740287,203.78178665498328,39.475582311721816,0.5682133450167157,2.3373109772867338,False,0.23085215027762218,5.086666666666669,28.0,11.34629511833191,
2026-07-28-4.pdf,C208B-A,4,2026-07-28 10:43,0,18,4,0,734.1,80.0,1462.0,9023.667323582089,ok,True,2.6995777960790104,2.6995777960790104,203.74117091947443,39.41441403535306,0.6088290805255667,0.3297405440960688,False,0.41450838642244614,6.097333333333338,38.0,11.148566484451294,
2026-07-28-4.pdf,C208B-A,4,2026-07-28 10:43,1,18,4,0,734.1,80.0,1462.0,9023.667323582089,ok,True,2.6991492639066257,2.6991492639066257,203.2278608069446,38.64135663696475,1.1221391930554034,0.022142291197553732,False,0.2827308278980885,7.360666666666666,32.0,12.33989953994751,
2026-07-28-4.pdf,C208B-A,4,2026-07-28 10:43,2,18,4,0,734.1,80.0,1462.0,9023.667323582089,ok (groupes non ordonnes),True,2.699838431924568,2.699838431924568,203.2257222689672,38.638135947239746,1.1242777310328051,0.0030114308349311614,False,0.38698860107812705,10.32533333333333,23.0,23.349140167236328,
2026-07-28-5.pdf,C208B-A,5,2026-07-28 11:14,0,19,6,0,630.5,80.0,1488.0,8977.754607761195,ok,True,0.9543180569286167,0.9543180569286167,203.79895851488558,39.501443546514444,0.5510414851144105,0.012557075698850895,False,0.3332439904648393,9.116666666666664,30.0,15.124498844146729,
2026-07-28-5.pdf,C208B-A,5,2026-07-28 11:14,1,19,6,0,630.5,80.0,1488.0,8977.754607761195,ok,True,1.0609411464080798,1.0609411464080798,203.79721579818658,39.498818973172575,0.5527842018134095,0.03403796425214978,False,0.3798755744090144,8.825999999999999,32.0,16.609253883361816,
2026-07-28-5.pdf,C208B-A,5,2026-07-28 11:14,2,19,6,0,630.5,80.0,1488.0,8977.754607761195,ok,True,1.042532202091016,1.042532202091016,203.5845428454012,39.178528381628304,0.7654571545988063,0.010474032679724132,False,0.24175059073132618,8.000666666666664,33.0,18.245789051055908,
2026-07-28-6.pdf,C208B-A,6,2026-07-28 11:41,0,17,6,0,526.9,80.0,1383.0,8642.394880895521,ok,True,3.7358949876554233,3.7358949876554233,203.7483835926908,39.42527649501627,0.6016164073091943,0.04585802469716782,False,0.3082366881385749,6.640666666666665,20.0,11.058598279953003,
2026-07-28-6.pdf,C208B-A,6,2026-07-28 11:41,1,17,6,0,526.9,80.0,1383.0,8642.394880895521,ok,True,3.7167499194834783,3.7167499194834783,203.60035608823136,39.20234350637254,0.7496439117686293,0.9075028360201429,False,0.33239042735450725,6.349999999999999,18.0,12.132392644882202,
2026-07-28-6.pdf,C208B-A,6,2026-07-28 11:41,2,17,6,0,526.9,80.0,1383.0,8642.394880895521,ok,True,3.727524497407853,3.727524497407853,203.6249086183561,39.23932020836763,0.7250913816438924,0.4898948480096692,False,0.34945113962104307,5.844666666666665,19.0,11.167279481887817,
2026-07-28-7.pdf,C208B-A,7,2026-07-28 12:08,0,19,6,0,423.3,80.0,1560.0,8929.194710447762,ok,True,2.1427449812038852,2.1427449812038852,203.31494255694003,38.7725038508133,1.0350574430599693,0.2177473899982374,False,0.26771969405907975,7.01133333333333,36.0,14.848455667495728,
2026-07-28-7.pdf,C208B-A,7,2026-07-28 12:08,1,19,6,0,423.3,80.0,1560.0,8929.194710447762,ok,True,2.957122096094535,2.957122096094535,203.8456421589271,39.571750239348034,0.5043578410729026,0.3854678924815289,False,0.26208894885885287,6.775333333333334,31.0,16.586682319641113,
2026-07-28-7.pdf,C208B-A,7,2026-07-28 12:08,2,19,6,0,423.3,80.0,1560.0,8929.194710447762,ok,True,2.9573239484297114,2.9573239484297114,203.46885922472003,39.00430606132536,0.8811407752799596,0.40147119289073885,False,0.3912940629772206,7.5166666666666675,37.0,12.8232581615448,
2026-07-28-8.pdf,C208B-A,8,2026-07-28 14:49,0,15,5,0,1219.2,100.0,1198.0,8970.993774925373,ok,True,0.9831646363911939,0.9831646363911939,203.7429624080467,39.41711206031132,0.6070375919532864,0.4416903684879685,False,0.07780441152326656,6.164666666666668,23.0,14.229800701141357,
2026-07-28-8.pdf,C208B-A,8,2026-07-28 14:49,1,15,5,0,1219.2,100.0,1198.0,8970.993774925373,ok,True,1.215305196385214,1.215305196385214,203.71698420362006,39.377988258463944,0.6330157963799365,0.6806346898787865,False,0.0868183193297275,6.602666666666668,21.0,14.556918382644653,
2026-07-28-8.pdf,C208B-A,8,2026-07-28 14:49,2,15,5,0,1219.2,100.0,1198.0,8970.993774925373,ok,True,0.8244583995755982,0.8244583995755982,203.7819785000655,39.4758712350384,0.5680214999345026,0.2820948198580595,False,0.13675751070822995,6.4173333333333344,24.0,12.337803840637207,
2026-07-28-9.pdf,C208B-A,9,2026-07-28 15:21,0,16,6,0,1115.5,100.0,1278.0,9043.466359999999,ok,True,2.6448848405217955,2.6448848405217955,203.84575402299896,39.57191870933579,0.5042459770010339,0.20400728836312965,False,0.4560795801119481,7.040666666666665,36.0,12.082231283187866,
2026-07-28-9.pdf,C208B-A,9,2026-07-28 15:21,1,16,6,0,1115.5,100.0,1278.0,9043.466359999999,ok,True,2.6458086714875457,2.6458086714875457,203.84647310678002,39.57300166683739,0.5035268932199699,0.18038899662900576,False,0.2120396337315029,5.979333333333331,19.0,11.361859560012817,
2026-07-28-9.pdf,C208B-A,9,2026-07-28 15:21,2,16,6,0,1115.5,100.0,1278.0,9043.466359999999,ok,True,2.6421341177598916,2.6421341177598916,203.84298217208578,39.56774423506896,0.5070178279142112,0.0178069334791644,False,0.4727767730311796,7.175333333333331,36.0,12.065881967544556,
2026-07-29-1pdf,C208B-A,1,2026-07-29 09:45,0,16,5,0,1132.1,100.0,1292.0,9090.93104,ECHEC MTOW : masse au decollage 9091 lbs > MTOW 9062 (depassement 13 kg),,,,,,,,,,,,0.0003962516784667969,groupes 7/6
2026-07-29-1pdf,C208B-A,1,2026-07-29 09:45,1,16,5,0,1132.1,100.0,1292.0,9090.93104,ECHEC MTOW : masse au decollage 9090 lbs > MTOW 9062 (depassement 13 kg),,,,,,,,,,,,0.0004208087921142578,groupes 7/6
2026-07-29-1pdf,C208B-A,1,2026-07-29 09:45,2,16,5,0,1132.1,100.0,1292.0,9090.93104,ECHEC MTOW : masse au decollage 9091 lbs > MTOW 9062 (depassement 13 kg),,,,,,,,,,,,0.0003924369812011719,groupes 7/6
2026-07-29-2.pdf,C208B-A,2,2026-07-29 10:30,0,17,5,0,1027.6,100.0,1363.0,9143.45906,ECHEC MTOW : masse au decollage 9143 lbs > MTOW 9062 (depassement 37 kg),,,,,,,,,,,,0.00041985511779785156,
2026-07-29-2.pdf,C208B-A,2,2026-07-29 10:30,1,17,5,0,1027.6,100.0,1363.0,9143.45906,ECHEC MTOW : masse au decollage 9144 lbs > MTOW 9062 (depassement 37 kg),,,,,,,,,,,,0.000385284423828125,
2026-07-29-2.pdf,C208B-A,2,2026-07-29 10:30,2,17,5,0,1027.6,100.0,1363.0,9143.45906,ECHEC MTOW : masse au decollage 9144 lbs > MTOW 9062 (depassement 37 kg),,,,,,,,,,,,0.00040650367736816406,
2026-07-29-3.pdf,C208B-A,3,2026-07-29 10:32,0,9,3,0,924.0,100.0,706.0,7591.13267522388,ok,True,6.614777968727325,6.614777968727325,203.8333839654724,39.553289104627105,0.5166160345276012,2.6673738600086097,True,0.009943927181068214,2.3579999999999974,17.0,7.246087074279785,groupes 5/4
2026-07-29-3.pdf,C208B-A,3,2026-07-29 10:32,1,9,3,0,924.0,100.0,706.0,7591.13267522388,ok,True,6.61562668217655,6.61562668217655,203.60046484466716,39.20250729618549,0.7495351553328362,3.257963404287551,True,0.009791950370419376,2.3579999999999974,17.0,7.575073719024658,groupes 5/4
2026-07-29-3.pdf,C208B-A,3,2026-07-29 10:32,2,9,3,0,924.0,100.0,706.0,7591.13267522388,ok,True,6.614709437658357,6.614709437658357,203.77107232505372,39.45944627267128,0.5789276749462715,2.5741860857801555,True,0.00910130008833044,2.3579999999999974,14.0,7.14989709854126,groupes 5/4
2026-07-29-4.pdf,C208B-A,4,2026-07-29 10:52,0,14,5,0,820.3,100.0,1139.0,8442.06746358209,ok,True,4.246400519583749,4.246400519583749,203.83981207546273,39.56296999316677,0.5101879245372629,2.2633282012834,False,0.19264531522787245,5.406666666666666,26.0,10.791935205459595,
2026-07-29-4.pdf,C208B-A,4,2026-07-29 10:52,1,14,5,0,820.3,100.0,1139.0,8442.06746358209,ok,True,4.283113155354952,4.283113155354952,203.607100064625,39.21250009732681,0.742899935374993,1.7379562077741753,False,0.17242022093932108,5.339333333333331,25.0,11.411121368408203,
2026-07-29-4.pdf,C208B-A,4,2026-07-29 10:52,2,14,5,0,820.3,100.0,1139.0,8442.06746358209,ok,True,4.2516057747213996,4.2516057747213996,203.72906782075856,39.39618647704603,0.6209321792414357,2.2856198970119124,False,0.17222263556494447,5.77733333333333,25.0,11.383239269256592,
2026-07-29-5.pdf,C208B-A,5,2026-07-29 11:17,0,16,5,0,716.7,100.0,1283.0,8655.992445074626,ok,True,3.683880087700824,3.683880087700824,203.51471917026612,39.07337224437669,0.8352808297338754,0.0020468004290421504,False,0.18839520358227838,4.5813333333333315,25.0,11.893437147140503,
2026-07-29-5.pdf,C208B-A,5,2026-07-29 11:17,1,16,5,0,716.7,100.0,1283.0,8655.992445074626,ok,True,3.704186145282019,3.704186145282019,203.78076156681422,39.47403850423829,0.5692384331857738,0.9700212812672078,False,0.20508860362865847,6.282666666666663,19.0,11.720881462097168,
2026-07-29-5.pdf,C208B-A,5,2026-07-29 11:17,2,16,5,0,716.7,100.0,1283.0,8655.992445074626,ok,True,3.693040923686314,3.693040923686314,203.56565815326846,39.15008758022359,0.784341846731536,0.12357313130812031,False,0.20913420945648778,5.406666666666668,28.0,12.635706663131714,
2026-07-29-6.pdf,C208B-A,6,2026-07-29 11:39,0,12,5,0,613.1,100.0,937.0,7789.441686268657,ok,True,6.064317332794325,6.064317332794325,203.72737411631618,39.393635717343656,0.6226258836838099,2.996822302014891,False,0.08817814483150886,2.037999999999997,18.0,10.845611810684204,groupes 8/6
2026-07-29-6.pdf,C208B-A,6,2026-07-29 11:39,1,12,5,0,613.1,100.0,937.0,7789.441686268657,ok,True,6.069583111099266,6.069583111099266,203.83112810067075,39.54989171787765,0.5188718993292412,3.3139996858044753,False,0.10156293321783874,2.358000000000002,22.0,10.409540891647339,groupes 8/6
2026-07-29-6.pdf,C208B-A,6,2026-07-29 11:39,2,12,5,0,613.1,100.0,937.0,7789.441686268657,ok,True,6.068521048331555,6.068521048331555,203.66658769428068,39.30208990102513,0.6834123057193153,3.5633583711847905,False,0.14097588960940613,2.037999999999997,20.0,10.628496885299683,groupes 8/6
2026-07-30-1.pdf,C208B-A,1,2026-07-30 14:28,0,18,7,0,696.7,88.0,1487.0,9059.375007462686,ok,True,1.819025169530431,1.819025169530431,203.73722583089062,39.408472636883474,0.6127741691093718,0.029482391926677565,False,0.39444558665859597,6.9899999999999975,34.0,14.89212417602539,
2026-07-30-1.pdf,C208B-A,1,2026-07-30 14:28,1,18,7,0,696.7,88.0,1487.0,9059.375007462686,ok,True,1.6196291094005226,1.6196291094005226,203.65749986316632,39.28840340838302,0.6925001368336723,0.08770377354437642,False,0.329395885291948,6.282666666666665,35.0,15.023518800735474,
2026-07-30-1.pdf,C208B-A,1,2026-07-30 14:28,2,18,7,0,696.7,88.0,1487.0,9059.375007462686,ok,True,2.1222906466634073,2.1222906466634073,203.81188391332023,39.5209095080124,0.5381160866797643,0.3126795398915476,False,0.33770323080601294,7.613333333333331,30.0,15.302939176559448,
2026-07-30-2.pdf,C208B-A,2,2026-07-30 14:53,0,15,6,0,592.2,88.0,1240.0,8410.09655402985,ok,True,4.34724200747095,4.34724200747095,203.81258394674992,39.5219637752258,0.5374160532500696,1.4965046217716917,False,0.1954254782572785,5.0866666666666625,25.0,11.77763295173645,
2026-07-30-2.pdf,C208B-A,2,2026-07-30 14:53,1,15,6,0,592.2,88.0,1240.0,8410.09655402985,ok,True,4.356015051524323,4.356015051524323,203.75981537990705,39.4424930420287,0.5901846200929413,2.238761221919674,False,0.1849768433925904,5.086666666666663,24.0,11.451363325119019,
2026-07-30-2.pdf,C208B-A,2,2026-07-30 14:53,2,15,6,0,592.2,88.0,1240.0,8410.09655402985,ok,True,4.359677605253764,4.359677605253764,203.82549923010882,39.541414503175936,0.5245007698911763,2.332862097725325,False,0.2166847748996864,5.457333333333329,24.0,10.682347774505615,
2026-07-30-3.pdf,C208B-A,3,2026-07-30 15:15,0,15,5,0,487.7,88.0,1283.0,8400.513124477611,ok,True,4.397971186488161,4.397971186488161,203.82828760585687,39.545613864242284,0.5217123941431225,2.0505585184453423,False,0.210350545728782,4.008666666666667,22.0,11.382371425628662,
2026-07-30-3.pdf,C208B-A,3,2026-07-30 15:15,1,15,5,0,487.7,88.0,1283.0,8400.513124477611,ok,True,4.394107138728342,4.394107138728342,203.81436329753208,39.52464352037965,0.5356367024679116,2.475033189837376,False,0.21263677655839988,3.1833333333333327,24.0,11.390111923217773,
2026-07-30-3.pdf,C208B-A,3,2026-07-30 15:15,2,15,5,0,487.7,88.0,1283.0,8400.513124477611,ok,True,4.390293551277886,4.390293551277886,203.74921761422732,39.42653255154717,0.6007823857726748,2.8343051878036647,False,0.16166265110509517,3.8739999999999997,27.0,10.925164699554443,
2026-07-30-4.pdf,C208B-A,4,2026-07-30 15:37,0,14,6,0,384.0,88.0,1110.0,7915.403416716417,ok,True,5.715844455432542,5.715844455432542,203.83921764964265,39.562074773558216,0.5107823503573456,2.379094145123588,False,0.20344327839789472,5.154000000000001,25.0,11.354114532470703,
2026-07-30-4.pdf,C208B-A,4,2026-07-30 15:37,1,14,6,0,384.0,88.0,1110.0,7915.403416716417,ok,True,5.723507271269812,5.723507271269812,203.83423304572077,39.554567839940916,0.5157669542792291,2.5164143624419353,False,0.23431111462170173,5.8279999999999985,24.0,11.248474597930908,
2026-07-30-4.pdf,C208B-A,4,2026-07-30 15:37,2,14,6,0,384.0,88.0,1110.0,7915.403416716417,ok,True,5.718182611773727,5.718182611773727,203.04020807786728,38.35874710522181,1.3097919221327174,3.259336709608448,False,0.2402696293662341,4.766666666666663,27.0,10.983564853668213,
2026-07-30-5.pdf,C208B-A,5,2026-07-30 17:11,0,18,6,0,609.6,88.0,1451.0,8892.608687462685,ok,True,2.9617262787608896,2.9617262787608896,203.8373123678031,39.559205373197436,0.5126876321969007,0.037196427628373385,False,0.3041404900165462,8.118666666666664,32.0,16.12195110321045,
2026-07-30-5.pdf,C208B-A,5,2026-07-30 17:11,1,18,6,0,609.6,88.0,1451.0,8892.608687462685,ok,True,2.3749781034900264,2.3749781034900264,203.83933742835237,39.562255163181284,0.5106625716476287,0.006311340211965444,False,0.47472235462576773,9.218,43.0,12.8787362575531,
2026-07-30-5.pdf,C208B-A,5,2026-07-30 17:11,2,18,6,0,609.6,88.0,1451.0,8892.608687462685,ok,True,3.041797202150363,3.041797202150363,203.74471352372856,39.41974928272375,0.6052864762714307,0.020604537478931206,False,0.29041423495485164,6.602666666666668,28.0,12.930193424224854,
2026-07-30-6.pdf,C208B-A,6,2026-07-30 17:34,0,17,7,0,505.1,88.0,1481.0,8854.60997402985,ok,True,3.13701546386671,3.13701546386671,203.76642340818083,39.4524448918386,0.5835765918191669,0.2462877121191127,False,0.12764568181348604,4.699333333333335,15.0,11.582072019577026,
2026-07-30-6.pdf,C208B-A,6,2026-07-30 17:34,1,17,7,0,505.1,88.0,1481.0,8854.60997402985,ok,True,3.1450165897709366,3.1450165897709366,203.82225688082613,39.536531447027315,0.5277431191738629,0.0684496501386036,False,0.1784732363248361,4.514,17.0,11.399559020996094,
2026-07-30-6.pdf,C208B-A,6,2026-07-30 17:34,2,17,7,0,505.1,88.0,1481.0,8854.60997402985,ok,True,3.1503827739815473,3.1503827739815473,203.82173251538845,39.53574174004285,0.5282674846115469,0.09241122680973035,False,0.12391582147878367,4.699333333333335,15.0,12.596231698989868,
2026-07-30-7.pdf,C208B-A,7,2026-07-30 18:01,0,19,6,0,400.6,88.0,1586.0,8981.154775522387,ok,True,2.324304299652893,2.324304299652893,202.6910546542594,37.83291363593284,1.658945345740591,0.04767862837198322,False,0.2644365393850479,8.022,39.0,17.805620193481445,
2026-07-30-7.pdf,C208B-A,7,2026-07-30 18:01,1,19,6,0,400.6,88.0,1586.0,8981.154775522387,ok,True,1.5441829035828536,1.5441829035828536,203.69937665309155,39.35147086308969,0.6506233469084464,0.007612205885834555,False,0.20529709701279567,6.000666666666668,37.0,17.8899028301239,
2026-07-30-7.pdf,C208B-A,7,2026-07-30 18:01,2,19,6,0,400.6,88.0,1586.0,8981.154775522387,ok,True,2.805159119559736,2.805159119559736,203.7043635040012,39.35898118072472,0.6456364959987866,0.04708425240139036,False,0.2633567613620139,7.360666666666666,39.0,13.981474161148071,
